account_id,district_id,frequency,date
576,55,月结,1993-01-01
3818,74,月结,1993-01-01
704,55,月结,1993-01-01
2378,16,月结,1993-01-01
2632,24,月结,1993-01-02
1972,77,月结,1993-01-02
1539,1,交易之后马上,1993-01-03
793,47,月结,1993-01-03
2484,74,月结,1993-01-03
1695,76,月结,1993-01-03
1726,48,月结,1993-01-03
2881,70,月结,1993-01-04
2357,19,月结,1993-01-04
2177,62,月结,1993-01-04
485,6,交易之后马上,1993-01-04
652,21,月结,1993-01-05
9635,70,月结,1993-01-05
1844,44,月结,1993-01-06
1926,37,月结,1993-01-06
2393,10,月结,1993-01-07
3510,41,月结,1993-01-07
1276,36,月结,1993-01-07
1637,1,月结,1993-01-08
3871,26,月结,1993-01-08
192,55,月结,1993-01-08
764,1,月结,1993-01-08
2087,7,周结,1993-01-08
2122,68,月结,1993-01-08
3592,54,月结,1993-01-08
3487,41,月结,1993-01-08
435,38,月结,1993-01-08
1730,1,月结,1993-01-09
1493,41,月结,1993-01-09
374,38,月结,1993-01-09
2925,1,月结,1993-01-10
866,9,月结,1993-01-10
1628,60,月结,1993-01-10
2379,44,月结,1993-01-10
1979,26,月结,1993-01-11
346,37,月结,1993-01-11
1338,74,月结,1993-01-11
1909,14,月结,1993-01-12
2099,3,周结,1993-01-12
3760,44,月结,1993-01-13
5270,44,月结,1993-01-13
1699,53,月结,1993-01-14
3909,1,月结,1993-01-14
2926,50,月结,1993-01-14
1731,33,月结,1993-01-14
11265,15,月结,1993-01-14
2519,4,月结,1993-01-15
10364,55,月结,1993-01-17
1481,15,月结,1993-01-17
401,32,月结,1993-01-18
4034,1,月结,1993-01-18
2330,54,月结,1993-01-19
1806,40,月结,1993-01-19
3834,54,月结,1993-01-19
1222,66,月结,1993-01-20
212,27,周结,1993-01-20
456,49,月结,1993-01-21
459,47,月结,1993-01-21
772,45,月结,1993-01-21
1019,52,月结,1993-01-21
11295,74,月结,1993-01-21
2970,60,月结,1993-01-22
2676,73,月结,1993-01-22
1536,41,周结,1993-01-22
1179,74,月结,1993-01-23
280,25,月结,1993-01-23
2425,41,月结,1993-01-23
9307,68,月结,1993-01-24
4055,23,月结,1993-01-24
5065,66,月结,1993-01-24
3704,75,月结,1993-01-24
477,1,月结,1993-01-25
5891,54,月结,1993-01-25
1000,77,月结,1993-01-25
1750,1,月结,1993-01-26
2023,68,月结,1993-01-26
6473,12,月结,1993-01-26
1649,46,月结,1993-01-26
2670,13,月结,1993-01-27
1127,27,月结,1993-01-27
163,30,月结,1993-01-27
2566,48,月结,1993-01-27
9,70,月结,1993-01-27
1144,59,月结,1993-01-28
2902,32,月结,1993-01-28
4296,63,月结,1993-01-28
443,64,月结,1993-01-28
3693,61,月结,1993-01-29
2070,72,月结,1993-01-29
1843,12,月结,1993-01-30
2714,1,月结,1993-01-30
4078,40,月结,1993-01-30
1675,36,月结,1993-02-01
5868,44,月结,1993-02-02
1805,1,月结,1993-02-02
2434,17,月结,1993-02-02
3007,16,月结,1993-02-02
2574,68,月结,1993-02-02
862,64,周结,1993-02-02
1132,1,周结,1993-02-03
4484,54,月结,1993-02-03
943,1,月结,1993-02-03
3514,7,月结,1993-02-03
3983,67,月结,1993-02-04
9265,1,月结,1993-02-04
465,32,月结,1993-02-04
982,54,月结,1993-02-05
411,70,月结,1993-02-05
890,14,月结,1993-02-05
627,63,月结,1993-02-05
2429,61,月结,1993-02-06
3960,64,月结,1993-02-06
2256,48,月结,1993-02-06
8051,1,周结,1993-02-07
2647,73,月结,1993-02-08
2241,6,月结,1993-02-08
5622,70,月结,1993-02-08
2884,1,月结,1993-02-08
1830,10,月结,1993-02-08
7753,74,月结,1993-02-08
244,24,月结,1993-02-08
1477,1,月结,1993-02-08
4240,50,月结,1993-02-08
1006,6,月结,1993-02-08
830,74,月结,1993-02-08
9188,45,月结,1993-02-08
1965,57,交易之后马上,1993-02-08
1134,6,月结,1993-02-09
1601,10,月结,1993-02-09
2861,38,月结,1993-02-10
813,16,月结,1993-02-10
2585,75,月结,1993-02-10
2220,16,月结,1993-02-10
2763,64,月结,1993-02-11
2342,51,月结,1993-02-11
1944,72,月结,1993-02-12
1966,27,月结,1993-02-12
1801,46,月结,1993-02-13
2543,68,月结,1993-02-13
2293,31,月结,1993-02-13
11013,1,周结,1993-02-14
2423,30,月结,1993-02-14
142,51,月结,1993-02-15
3424,74,月结,1993-02-16
539,13,交易之后马上,1993-02-16
979,21,月结,1993-02-16
3554,66,月结,1993-02-16
3545,51,月结,1993-02-17
3047,16,月结,1993-02-17
3374,21,月结,1993-02-17
96,68,月结,1993-02-18
461,30,月结,1993-02-18
3593,1,月结,1993-02-18
3026,24,月结,1993-02-18
1054,10,月结,1993-02-19
2433,71,月结,1993-02-19
3691,50,月结,1993-02-19
3787,70,月结,1993-02-19
128,2,月结,1993-02-19
3168,39,月结,1993-02-20
4937,12,月结,1993-02-20
2124,69,月结,1993-02-20
322,1,月结,1993-02-20
4355,31,月结,1993-02-21
1678,1,月结,1993-02-22
2396,2,月结,1993-02-22
1005,54,周结,1993-02-23
697,28,月结,1993-02-23
925,59,月结,1993-02-23
2110,64,月结,1993-02-23
1366,60,月结,1993-02-24
1050,57,交易之后马上,1993-02-24
3117,33,月结,1993-02-24
562,50,月结,1993-02-25
5369,54,月结,1993-02-25
2242,7,周结,1993-02-25
197,1,月结,1993-02-25
496,69,月结,1993-02-26
2,1,月结,1993-02-26
7401,1,月结,1993-02-26
2486,1,月结,1993-02-27
428,1,月结,1993-02-27
3651,23,月结,1993-02-27
1775,17,月结,1993-02-27
1688,70,月结,1993-02-27
361,51,月结,1993-02-27
1829,43,月结,1993-02-27
1575,1,月结,1993-02-27
9203,70,月结,1993-02-27
3008,72,月结,1993-02-27
239,69,周结,1993-03-01
3302,21,月结,1993-03-02
415,25,月结,1993-03-03
3513,20,月结,1993-03-03
4134,7,月结,1993-03-03
1077,14,月结,1993-03-03
1713,43,月结,1993-03-03
1378,59,月结,1993-03-04
2503,1,月结,1993-03-05
559,46,月结,1993-03-05
6555,38,周结,1993-03-05
744,42,月结,1993-03-06
882,9,月结,1993-03-06
86,54,月结,1993-03-07
1126,56,月结,1993-03-08
2666,49,月结,1993-03-08
944,70,月结,1993-03-08
1545,1,月结,1993-03-08
2453,1,月结,1993-03-08
3734,43,月结,1993-03-08
3935,23,月结,1993-03-08
396,21,月结,1993-03-08
2694,7,月结,1993-03-08
4596,74,月结,1993-03-09
2489,72,月结,1993-03-09
2895,19,月结,1993-03-09
317,76,月结,1993-03-10
2555,53,月结,1993-03-10
494,60,月结,1993-03-11
2219,60,月结,1993-03-11
2581,72,月结,1993-03-11
112,6,月结,1993-03-12
3674,38,月结,1993-03-12
2039,44,月结,1993-03-12
2712,9,月结,1993-03-12
395,1,月结,1993-03-12
2974,9,月结,1993-03-13
123,21,月结,1993-03-13
9640,1,月结,1993-03-13
3108,53,月结,1993-03-14
2508,34,月结,1993-03-14
2458,40,周结,1993-03-14
588,66,月结,1993-03-14
7231,10,月结,1993-03-14
6701,49,周结,1993-03-15
3883,72,月结,1993-03-15
222,37,月结,1993-03-15
2497,65,月结,1993-03-16
1372,1,月结,1993-03-16
3835,50,月结,1993-03-16
7445,64,月结,1993-03-18
2527,38,月结,1993-03-19
425,9,月结,1993-03-19
860,1,月结,1993-03-19
6034,6,周结,1993-03-19
11065,11,月结,1993-03-19
9883,1,月结,1993-03-19
115,68,月结,1993-03-19
1189,59,月结,1993-03-19
3675,64,月结,1993-03-20
3069,66,月结,1993-03-20
2762,19,月结,1993-03-20
892,70,月结,1993-03-20
1535,46,月结,1993-03-20
2618,60,月结,1993-03-21
2651,2,月结,1993-03-21
5442,34,月结,1993-03-22
1787,30,周结,1993-03-22
1397,17,月结,1993-03-22
3785,10,月结,1993-03-24
623,1,月结,1993-03-24
8260,31,月结,1993-03-24
3678,1,月结,1993-03-24
3001,1,月结,1993-03-24
655,53,月结,1993-03-24
4093,1,月结,1993-03-25
3260,68,月结,1993-03-25
2528,65,月结,1993-03-25
2011,75,月结,1993-03-25
1721,68,月结,1993-03-25
1332,59,月结,1993-03-25
1402,74,月结,1993-03-26
3283,68,月结,1993-03-26
3781,31,月结,1993-03-26
7203,71,月结,1993-03-26
1065,72,月结,1993-03-27
3076,54,月结,1993-03-27
4347,1,月结,1993-03-27
1157,7,月结,1993-03-27
9403,1,周结,1993-03-27
1874,9,月结,1993-03-27
1115,34,月结,1993-03-27
3586,59,月结,1993-03-27
62,47,月结,1993-03-28
1771,69,月结,1993-03-28
5483,13,月结,1993-03-28
8330,48,月结,1993-03-28
187,5,月结,1993-03-28
423,12,月结,1993-03-28
6425,31,月结,1993-03-29
2493,62,月结,1993-03-29
2896,29,月结,1993-03-30
2245,29,月结,1993-03-30
3923,52,月结,1993-03-30
1898,70,月结,1993-04-01
3367,1,月结,1993-04-01
3391,74,月结,1993-04-01
8519,23,月结,1993-04-02
1780,1,月结,1993-04-02
3915,65,月结,1993-04-02
3980,75,月结,1993-04-03
4350,63,月结,1993-04-04
686,41,月结,1993-04-04
362,15,月结,1993-04-04
299,77,月结,1993-04-05
2488,5,月结,1993-04-06
2985,71,月结,1993-04-06
385,5,月结,1993-04-07
2817,56,月结,1993-04-07
2056,58,月结,1993-04-07
2002,1,月结,1993-04-08
748,10,月结,1993-04-08
220,72,月结,1993-04-09
1422,68,月结,1993-04-09
1147,44,月结,1993-04-10
3788,70,月结,1993-04-10
1891,32,月结,1993-04-10
1239,1,月结,1993-04-10
8321,77,月结,1993-04-12
3213,51,月结,1993-04-12
2838,3,周结,1993-04-13
3644,38,月结,1993-04-13
4318,33,周结,1993-04-13
2648,51,月结,1993-04-13
2313,26,周结,1993-04-13
5428,24,月结,1993-04-14
7123,64,交易之后马上,1993-04-14
279,39,月结,1993-04-14
104,37,月结,1993-04-15
497,55,月结,1993-04-15
1152,45,月结,1993-04-15
83,26,月结,1993-04-16
2008,52,月结,1993-04-16
3327,45,月结,1993-04-16
5740,43,月结,1993-04-16
8132,5,周结,1993-04-17
10738,45,周结,1993-04-17
2216,74,月结,1993-04-17
1815,66,月结,1993-04-17
2823,57,月结,1993-04-18
4321,47,月结,1993-04-18
1773,33,月结,1993-04-19
7454,4,月结,1993-04-19
188,54,月结,1993-04-20
10973,18,周结,1993-04-20
2599,48,月结,1993-04-20
1166,11,月结,1993-04-21
504,73,月结,1993-04-21
1518,67,月结,1993-04-21
2189,75,月结,1993-04-22
6040,1,月结,1993-04-22
2876,52,月结,1993-04-22
1505,69,月结,1993-04-23
6897,48,月结,1993-04-23
4377,28,月结,1993-04-24
717,75,月结,1993-04-24
9707,70,月结,1993-04-24
2814,72,月结,1993-04-25
3068,59,月结,1993-04-25
1476,61,月结,1993-04-26
897,38,月结,1993-04-26
977,1,月结,1993-04-26
2639,17,月结,1993-04-26
1032,11,月结,1993-04-26
928,20,月结,1993-04-26
168,31,月结,1993-04-27
2175,1,月结,1993-04-27
10105,55,月结,1993-04-28
1392,60,月结,1993-04-28
3697,45,月结,1993-04-29
5313,40,月结,1993-04-29
2222,47,月结,1993-05-01
2641,7,月结,1993-05-02
5423,15,月结,1993-05-02
2609,73,月结,1993-05-03
5472,1,月结,1993-05-04
2932,72,月结,1993-05-04
4254,70,月结,1993-05-04
3965,31,月结,1993-05-04
10656,8,月结,1993-05-05
887,1,月结,1993-05-05
4743,64,月结,1993-05-05
1048,35,月结,1993-05-05
1671,6,月结,1993-05-05
1236,19,月结,1993-05-05
1822,30,月结,1993-05-05
3316,28,月结,1993-05-06
2037,20,月结,1993-05-06
10079,62,月结,1993-05-06
3999,35,月结,1993-05-06
551,77,月结,1993-05-07
1200,33,月结,1993-05-07
1161,66,月结,1993-05-08
5372,48,月结,1993-05-08
3050,60,月结,1993-05-08
1784,59,月结,1993-05-08
1603,1,月结,1993-05-09
1887,68,月结,1993-05-09
1644,1,月结,1993-05-09
1658,73,月结,1993-05-10
44,32,月结,1993-05-10
1039,70,周结,1993-05-10
1071,68,周结,1993-05-10
2410,54,月结,1993-05-11
2523,10,月结,1993-05-11
790,54,月结,1993-05-11
2583,62,月结,1993-05-11
1782,8,月结,1993-05-12
751,3,月结,1993-05-12
2061,24,月结,1993-05-12
8261,13,月结,1993-05-12
2321,35,月结,1993-05-13
1334,74,月结,1993-05-14
3649,54,月结,1993-05-14
555,24,月结,1993-05-15
3173,39,月结,1993-05-15
863,71,月结,1993-05-16
3181,42,月结,1993-05-16
3210,1,月结,1993-05-17
489,16,月结,1993-05-17
947,59,月结,1993-05-17
3284,64,月结,1993-05-17
1610,52,月结,1993-05-17
4225,55,月结,1993-05-18
1412,64,月结,1993-05-18
1937,36,月结,1993-05-18
991,39,月结,1993-05-18
1180,20,月结,1993-05-19
2758,70,月结,1993-05-19
2711,58,月结,1993-05-19
1652,74,月结,1993-05-20
3099,70,月结,1993-05-20
11111,1,月结,1993-05-20
9591,74,月结,1993-05-20
9828,11,月结,1993-05-20
5385,44,周结,1993-05-21
23,30,月结,1993-05-22
2645,54,月结,1993-05-22
2991,19,月结,1993-05-22
3469,76,月结,1993-05-22
1851,55,月结,1993-05-23
3844,67,月结,1993-05-23
1442,23,月结,1993-05-23
3064,40,月结,1993-05-23
3558,4,月结,1993-05-23
1534,1,月结,1993-05-24
334,1,月结,1993-05-24
1786,1,月结,1993-05-25
1272,40,周结,1993-05-25
2436,67,月结,1993-05-25
3796,53,月结,1993-05-25
119,27,月结,1993-05-25
3063,72,月结,1993-05-26
18,43,周结,1993-05-26
11320,44,月结,1993-05-26
3888,39,月结,1993-05-27
1584,30,月结,1993-05-27
5546,43,月结,1993-05-28
2029,55,月结,1993-05-29
10911,1,周结,1993-05-29
2467,33,月结,1993-05-29
2962,1,月结,1993-05-30
165,25,月结,1993-06-01
1617,45,月结,1993-06-01
327,54,月结,1993-06-02
2068,21,月结,1993-06-02
4448,60,月结,1993-06-02
640,32,月结,1993-06-02
510,1,周结,1993-06-02
2534,61,月结,1993-06-03
1018,7,月结,1993-06-03
1285,65,月结,1993-06-04
3670,27,月结,1993-06-04
1743,51,月结,1993-06-04
3072,8,月结,1993-06-05
2146,31,月结,1993-06-05
4576,27,月结,1993-06-05
3258,53,月结,1993-06-05
2176,67,月结,1993-06-06
8934,51,月结,1993-06-06
1999,70,月结,1993-06-06
2741,15,月结,1993-06-07
4427,32,月结,1993-06-07
3682,70,月结,1993-06-07
2862,33,月结,1993-06-07
3032,5,月结,1993-06-07
701,69,月结,1993-06-08
6281,56,月结,1993-06-08
306,16,月结,1993-06-08
1207,67,月结,1993-06-08
1247,25,月结,1993-06-08
5343,64,月结,1993-06-08
5129,68,月结,1993-06-08
3713,14,周结,1993-06-08
2327,19,月结,1993-06-08
774,1,月结,1993-06-08
1990,1,月结,1993-06-09
2388,30,月结,1993-06-09
3566,21,月结,1993-06-09
10266,54,月结,1993-06-10
3771,22,月结,1993-06-11
1978,57,周结,1993-06-11
2022,72,月结,1993-06-11
3542,49,月结,1993-06-11
1515,11,月结,1993-06-11
4171,28,月结,1993-06-12
433,20,月结,1993-06-12
1373,47,月结,1993-06-12
3246,54,月结,1993-06-14
1475,1,周结,1993-06-14
3133,66,月结,1993-06-14
2779,73,月结,1993-06-15
135,75,月结,1993-06-15
446,50,月结,1993-06-15
9093,47,月结,1993-06-16
432,46,月结,1993-06-16
2880,71,月结,1993-06-16
5767,72,月结,1993-06-16
1998,1,月结,1993-06-17
2554,36,月结,1993-06-18
2933,10,月结,1993-06-18
773,15,月结,1993-06-19
4894,14,月结,1993-06-20
3969,39,月结,1993-06-20
1277,31,月结,1993-06-20
5120,1,月结,1993-06-21
738,34,月结,1993-06-21
1299,1,月结,1993-06-21
148,8,月结,1993-06-21
899,72,月结,1993-06-21
3521,75,月结,1993-06-22
3786,21,月结,1993-06-22
886,1,月结,1993-06-23
5228,77,交易之后马上,1993-06-23
702,12,月结,1993-06-23
300,1,月结,1993-06-23
1451,64,月结,1993-06-24
2940,54,月结,1993-06-24
1837,23,月结,1993-06-24
3954,22,月结,1993-06-25
885,1,月结,1993-06-25
2697,8,月结,1993-06-26
8129,45,月结,1993-06-26
1930,3,月结,1993-06-27
2411,69,月结,1993-06-27
3775,19,月结,1993-06-27
9034,1,月结,1993-06-28
902,74,月结,1993-06-29
630,71,月结,1993-06-29
3096,68,月结,1993-06-29
2552,52,月结,1993-07-01
3435,59,月结,1993-07-01
5215,55,月结,1993-07-01
36,1,月结,1993-07-01
2687,76,月结,1993-07-01
1861,54,月结,1993-07-02
2464,33,交易之后马上,1993-07-02
2736,72,月结,1993-07-02
1145,31,月结,1993-07-03
2298,31,月结,1993-07-03
929,54,月结,1993-07-03
381,68,月结,1993-07-04
3778,52,月结,1993-07-04
1118,48,月结,1993-07-04
4352,2,月结,1993-07-05
1322,17,月结,1993-07-05
1852,35,月结,1993-07-05
8173,11,月结,1993-07-05
2705,63,交易之后马上,1993-07-05
9472,1,周结,1993-07-06
368,77,月结,1993-07-06
1425,76,月结,1993-07-06
8027,44,周结,1993-07-07
3261,1,月结,1993-07-07
35,75,月结,1993-07-07
2186,63,月结,1993-07-07
1566,73,月结,1993-07-07
78,74,月结,1993-07-07
3939,70,月结,1993-07-08
2584,50,月结,1993-07-08
2336,39,月结,1993-07-08
2078,62,月结,1993-07-08
3882,10,月结,1993-07-09
4159,74,月结,1993-07-09
907,41,月结,1993-07-09
1411,54,月结,1993-07-09
1684,32,周结,1993-07-10
3748,1,月结,1993-07-10
2213,68,月结,1993-07-11
1062,6,月结,1993-07-11
273,24,交易之后马上,1993-07-11
10320,68,月结,1993-07-11
1416,66,周结,1993-07-12
3277,36,月结,1993-07-12
1892,28,月结,1993-07-13
3413,70,月结,1993-07-13
3654,47,月结,1993-07-13
3000,28,月结,1993-07-14
3955,64,月结,1993-07-14
1544,69,月结,1993-07-14
9703,68,月结,1993-07-15
234,73,月结,1993-07-15
3241,44,月结,1993-07-16
3465,1,月结,1993-07-16
3152,1,月结,1993-07-16
1497,1,月结,1993-07-16
3078,1,月结,1993-07-16
400,28,月结,1993-07-17
1902,50,周结,1993-07-17
757,50,月结,1993-07-19
1116,1,月结,1993-07-20
5700,42,月结,1993-07-20
3267,64,月结,1993-07-21
3222,4,月结,1993-07-21
408,41,月结,1993-07-21
2818,40,月结,1993-07-21
6273,38,月结,1993-07-21
2513,70,月结,1993-07-22
3493,63,月结,1993-07-22
1201,61,月结,1993-07-23
4478,70,月结,1993-07-23
2915,57,月结,1993-07-23
9833,20,月结,1993-07-24
2253,74,月结,1993-07-24
1069,70,月结,1993-07-24
207,2,月结,1993-07-25
3212,70,月结,1993-07-25
4035,1,月结,1993-07-25
1268,74,月结,1993-07-25
3287,18,月结,1993-07-26
6226,74,周结,1993-07-26
2123,64,月结,1993-07-26
3982,26,月结,1993-07-27
2701,71,月结,1993-07-27
3629,48,月结,1993-07-27
2841,71,月结,1993-07-27
563,53,月结,1993-07-27
2732,5,月结,1993-07-27
1297,70,月结,1993-07-27
7485,39,月结,1993-07-28
2088,4,月结,1993-07-28
225,1,月结,1993-07-28
1630,72,月结,1993-07-28
403,1,月结,1993-07-29
445,63,周结,1993-07-29
186,1,周结,1993-07-29
3720,36,月结,1993-07-30
574,70,月结,1993-07-30
1429,57,月结,1993-07-30
3580,43,月结,1993-08-01
7819,38,月结,1993-08-01
759,23,月结,1993-08-01
6363,74,月结,1993-08-01
3738,51,月结,1993-08-01
4000,7,月结,1993-08-02
9041,1,月结,1993-08-03
2620,22,月结,1993-08-03
3609,28,月结,1993-08-03
1382,48,月结,1993-08-03
930,41,月结,1993-08-03
1925,12,月结,1993-08-03
1834,62,月结,1993-08-03
1507,35,月结,1993-08-03
7857,75,月结,1993-08-04
6636,72,周结,1993-08-04
601,29,月结,1993-08-04
3298,29,月结,1993-08-04
2938,1,月结,1993-08-04
2199,1,月结,1993-08-04
3745,5,月结,1993-08-04
3699,50,月结,1993-08-05
816,52,月结,1993-08-05
3656,53,月结,1993-08-06
2038,42,月结,1993-08-06
2542,21,月结,1993-08-07
1136,12,月结,1993-08-07
1589,37,月结,1993-08-07
3136,69,月结,1993-08-07
3547,54,月结,1993-08-07
26,52,月结,1993-08-08
657,47,月结,1993-08-08
3538,58,月结,1993-08-08
2167,16,月结,1993-08-08
3127,66,月结,1993-08-08
47,45,月结,1993-08-08
3850,8,月结,1993-08-09
5366,70,月结,1993-08-09
747,39,月结,1993-08-09
3166,71,月结,1993-08-10
11021,1,月结,1993-08-10
1701,1,月结,1993-08-10
3613,43,月结,1993-08-10
3600,27,月结,1993-08-10
3792,10,月结,1993-08-11
523,1,月结,1993-08-11
3808,38,月结,1993-08-11
1401,1,月结,1993-08-12
541,61,月结,1993-08-12
1023,21,月结,1993-08-13
3683,33,月结,1993-08-13
3220,29,月结,1993-08-14
1779,33,月结,1993-08-15
1912,64,月结,1993-08-15
238,6,月结,1993-08-15
3113,67,月结,1993-08-16
5481,52,月结,1993-08-16
3035,15,周结,1993-08-16
942,9,月结,1993-08-16
3221,5,月结,1993-08-17
2616,1,月结,1993-08-17
2137,4,交易之后马上,1993-08-17
978,73,月结,1993-08-18
2771,37,月结,1993-08-18
3891,1,月结,1993-08-18
9236,11,月结,1993-08-18
274,76,月结,1993-08-20
552,14,月结,1993-08-20
2417,44,月结,1993-08-20
3868,43,月结,1993-08-21
9869,12,月结,1993-08-21
1875,44,月结,1993-08-21
8212,52,交易之后马上,1993-08-21
3477,71,月结,1993-08-22
1513,30,月结,1993-08-23
3053,11,月结,1993-08-23
1057,13,月结,1993-08-23
6030,47,月结,1993-08-24
3407,28,月结,1993-08-24
1761,24,月结,1993-08-24
3306,75,月结,1993-08-24
162,60,月结,1993-08-25
5011,31,月结,1993-08-25
965,20,月结,1993-08-25
1305,57,月结,1993-08-25
815,56,月结,1993-08-25
1449,35,月结,1993-08-26
950,49,月结,1993-08-26
3361,45,月结,1993-08-26
3837,48,交易之后马上,1993-08-26
33,22,月结,1993-08-26
2894,17,月结,1993-08-28
2510,61,月结,1993-08-28
389,30,月结,1993-08-28
6051,56,月结,1993-08-28
730,4,月结,1993-08-28
1694,6,周结,1993-08-29
721,76,月结,1993-08-29
1106,20,周结,1993-08-29
3319,56,月结,1993-08-29
10451,1,月结,1993-08-29
172,13,月结,1993-08-30
3920,74,月结,1993-09-01
3011,64,月结,1993-09-01
1337,23,月结,1993-09-01
2592,69,月结,1993-09-01
146,4,月结,1993-09-02
2576,1,月结,1993-09-02
3195,40,月结,1993-09-02
8073,24,交易之后马上,1993-09-03
4463,67,月结,1993-09-03
2082,36,月结,1993-09-03
2020,13,月结,1993-09-04
160,23,月结,1993-09-04
7607,1,月结,1993-09-05
117,31,月结,1993-09-05
3509,2,月结,1993-09-05
151,76,月结,1993-09-06
1719,1,月结,1993-09-06
3456,32,月结,1993-09-06
2951,44,月结,1993-09-06
7190,49,月结,1993-09-06
1827,10,月结,1993-09-06
1689,55,月结,1993-09-07
1197,68,月结,1993-09-07
5952,50,月结,1993-09-07
6930,41,月结,1993-09-08
1107,42,月结,1993-09-08
8475,4,月结,1993-09-08
3575,7,月结,1993-09-08
2691,69,月结,1993-09-08
3323,13,月结,1993-09-08
2428,72,月结,1993-09-08
2649,2,月结,1993-09-08
2907,70,月结,1993-09-09
1091,16,月结,1993-09-09
1487,66,月结,1993-09-10
3157,77,月结,1993-09-10
4414,24,月结,1993-09-10
2302,24,月结,1993-09-10
1410,74,月结,1993-09-11
1146,67,月结,1993-09-12
8564,68,月结,1993-09-12
750,73,月结,1993-09-12
2150,37,月结,1993-09-12
10940,50,月结,1993-09-13
9337,30,月结,1993-09-13
861,22,月结,1993-09-13
10440,72,月结,1993-09-13
10036,1,月结,1993-09-13
1234,6,月结,1993-09-13
7774,74,交易之后马上,1993-09-14
1547,72,月结,1993-09-14
1079,74,月结,1993-09-14
3863,15,月结,1993-09-14
3480,58,月结,1993-09-14
2671,1,月结,1993-09-15
1705,70,月结,1993-09-15
3028,27,月结,1993-09-15
3310,25,月结,1993-09-15
6715,48,周结,1993-09-15
3255,1,月结,1993-09-15
3751,9,月结,1993-09-15
2987,18,月结,1993-09-16
857,77,月结,1993-09-16
3042,10,月结,1993-09-16
2695,16,月结,1993-09-16
2849,1,月结,1993-09-16
2802,1,月结,1993-09-16
34,67,周结,1993-09-17
7133,1,月结,1993-09-17
699,1,月结,1993-09-17
2282,29,周结,1993-09-17
8489,19,月结,1993-09-18
837,46,月结,1993-09-18
8759,1,月结,1993-09-18
1602,33,月结,1993-09-19
2958,48,月结,1993-09-19
3408,62,月结,1993-09-19
153,77,月结,1993-09-19
3268,21,月结,1993-09-20
854,62,月结,1993-09-21
1831,1,月结,1993-09-21
39,36,月结,1993-09-22
1811,40,月结,1993-09-22
3822,8,月结,1993-09-22
1404,7,周结,1993-09-22
517,76,月结,1993-09-22
1440,55,月结,1993-09-22
3505,46,月结,1993-09-23
1804,20,周结,1993-09-23
2617,1,月结,1993-09-24
467,74,月结,1993-09-24
4437,40,月结,1993-09-24
1453,61,周结,1993-09-25
3977,7,月结,1993-09-25
8982,64,月结,1993-09-25
27,73,月结,1993-09-26
4511,33,月结,1993-09-26
1052,61,月结,1993-09-27
10227,62,交易之后马上,1993-09-27
3171,61,月结,1993-09-28
228,5,月结,1993-09-28
3618,29,月结,1993-09-29
1016,40,月结,1993-09-29
15,70,月结,1993-10-02
3237,20,月结,1993-10-02
1485,36,月结,1993-10-03
7769,23,月结,1993-10-03
2613,26,月结,1993-10-03
2201,8,月结,1993-10-05
1896,74,月结,1993-10-05
5387,1,月结,1993-10-05
3535,1,月结,1993-10-05
1120,1,月结,1993-10-05
235,41,月结,1993-10-06
3701,76,月结,1993-10-06
1516,67,月结,1993-10-08
4543,33,月结,1993-10-08
2427,70,周结,1993-10-08
1981,64,月结,1993-10-08
8566,74,月结,1993-10-08
678,17,月结,1993-10-08
4659,56,月结,1993-10-08
4059,34,月结,1993-10-08
4013,73,交易之后马上,1993-10-08
7011,75,月结,1993-10-08
2132,76,月结,1993-10-08
1816,44,月结,1993-10-08
2623,58,月结,1993-10-09
2793,47,月结,1993-10-09
2479,18,月结,1993-10-09
11135,75,月结,1993-10-10
8041,1,月结,1993-10-10
492,5,月结,1993-10-10
799,56,月结,1993-10-10
3972,51,月结,1993-10-11
1468,54,月结,1993-10-11
624,70,月结,1993-10-11
3483,40,月结,1993-10-12
4260,56,月结,1993-10-14
616,43,月结,1993-10-14
931,59,月结,1993-10-15
102,11,月结,1993-10-16
540,75,月结,1993-10-16
2660,1,周结,1993-10-17
4287,1,月结,1993-10-17
3551,6,月结,1993-10-17
2072,41,月结,1993-10-17
4119,77,月结,1993-10-18
1345,28,月结,1993-10-19
1565,36,月结,1993-10-20
2824,11,月结,1993-10-20
2052,61,月结,1993-10-20
1767,21,月结,1993-10-20
2140,75,月结,1993-10-21
1051,35,月结,1993-10-21
3927,56,月结,1993-10-22
2050,1,月结,1993-10-22
2276,31,月结,1993-10-22
126,5,月结,1993-10-23
2859,11,月结,1993-10-23
2667,23,月结,1993-10-23
1789,46,月结,1993-10-23
838,47,月结,1993-10-23
3264,70,月结,1993-10-23
198,70,月结,1993-10-25
2345,5,月结,1993-10-25
5256,72,交易之后马上,1993-10-25
40,64,月结,1993-10-25
419,13,月结,1993-10-25
3892,43,月结,1993-10-25
1217,69,月结,1993-10-25
397,11,月结,1993-10-26
3146,68,月结,1993-10-26
287,16,月结,1993-10-27
2180,45,月结,1993-10-27
354,59,月结,1993-10-28
259,2,月结,1993-10-28
1666,67,月结,1993-10-30
1495,36,月结,1993-11-01
2582,28,月结,1993-11-01
4470,16,月结,1993-11-01
1381,57,月结,1993-11-01
2435,38,月结,1993-11-01
542,1,月结,1993-11-01
1123,13,月结,1993-11-01
3225,1,月结,1993-11-01
1133,1,月结,1993-11-01
3086,1,月结,1993-11-02
2250,35,月结,1993-11-02
340,1,月结,1993-11-03
4079,52,月结,1993-11-03
841,1,月结,1993-11-04
2269,6,月结,1993-11-04
2867,30,月结,1993-11-04
3371,68,月结,1993-11-04
520,60,月结,1993-11-04
743,10,月结,1993-11-05
3640,10,月结,1993-11-05
3354,63,月结,1993-11-05
107,64,月结,1993-11-05
243,55,周结,1993-11-06
3687,71,月结,1993-11-06
1984,73,月结,1993-11-07
4173,1,月结,1993-11-08
2700,74,月结,1993-11-08
2318,73,月结,1993-11-08
7965,55,月结,1993-11-08
3352,42,月结,1993-11-08
4255,70,周结,1993-11-08
73,72,月结,1993-11-08
3948,1,月结,1993-11-09
648,13,月结,1993-11-09
3688,70,月结,1993-11-10
462,29,月结,1993-11-10
3243,1,月结,1993-11-10
8625,64,月结,1993-11-10
321,47,月结,1993-11-11
3548,23,月结,1993-11-11
5984,11,月结,1993-11-11
3091,3,月结,1993-11-11
626,72,月结,1993-11-11
998,47,月结,1993-11-11
3326,5,月结,1993-11-11
2457,76,月结,1993-11-11
2549,74,月结,1993-11-12
1947,35,月结,1993-11-12
2738,41,月结,1993-11-12
1809,1,周结,1993-11-12
519,24,月结,1993-11-12
2665,61,月结,1993-11-13
1114,6,周结,1993-11-13
8957,1,月结,1993-11-13
2271,68,月结,1993-11-13
196,4,月结,1993-11-14
3218,41,月结,1993-11-14
3660,74,月结,1993-11-14
787,10,月结,1993-11-14
3820,1,月结,1993-11-14
10906,76,月结,1993-11-14
914,73,月结,1993-11-14
9656,61,月结,1993-11-14
1941,60,月结,1993-11-15
3617,22,月结,1993-11-15
3370,49,月结,1993-11-15
1664,56,月结,1993-11-15
4337,29,月结,1993-11-16
2557,40,月结,1993-11-17
1527,31,交易之后马上,1993-11-17
3938,57,月结,1993-11-17
1686,11,月结,1993-11-18
10670,60,月结,1993-11-18
3309,66,月结,1993-11-20
3107,5,月结,1993-11-20
8377,29,月结,1993-11-20
345,5,月结,1993-11-20
498,1,月结,1993-11-21
3571,39,月结,1993-11-21
5991,1,月结,1993-11-21
1128,74,月结,1993-11-21
10439,66,月结,1993-11-21
1302,55,月结,1993-11-21
10788,67,周结,1993-11-22
4343,31,月结,1993-11-22
2460,1,月结,1993-11-22
1931,20,月结,1993-11-23
2972,12,月结,1993-11-23
1286,66,交易之后马上,1993-11-23
1235,76,月结,1993-11-23
4385,23,月结,1993-11-23
7449,1,月结,1993-11-24
545,54,月结,1993-11-24
245,65,月结,1993-11-25
688,74,月结,1993-11-25
173,66,月结,1993-11-26
10904,48,月结,1993-11-26
7844,1,月结,1993-11-26
6353,26,月结,1993-11-26
604,12,月结,1993-11-26
6806,1,月结,1993-11-26
5927,15,月结,1993-11-26
2419,24,月结,1993-11-27
1288,11,月结,1993-11-27
3003,18,月结,1993-11-27
10131,1,月结,1993-11-27
1952,70,月结,1993-11-28
651,72,月结,1993-11-28
2989,4,月结,1993-11-28
1499,47,月结,1993-11-28
426,1,月结,1993-11-29
3570,44,月结,1993-11-29
4237,18,月结,1993-11-29
2739,59,月结,1993-11-29
4526,63,月结,1993-11-29
1621,75,月结,1993-12-01
344,54,月结,1993-12-01
1359,8,月结,1993-12-02
290,56,月结,1993-12-02
66,48,交易之后马上,1993-12-03
1314,48,月结,1993-12-03
3145,4,月结,1993-12-03
1204,29,月结,1993-12-03
437,43,月结,1993-12-03
2063,1,月结,1993-12-04
3087,15,月结,1993-12-04
2588,5,月结,1993-12-04
956,74,月结,1993-12-05
597,41,月结,1993-12-05
3129,5,月结,1993-12-05
884,2,月结,1993-12-07
4264,28,月结,1993-12-07
3223,1,月结,1993-12-07
737,34,月结,1993-12-08
2306,38,月结,1993-12-08
1673,53,月结,1993-12-08
10663,11,月结,1993-12-08
3345,22,月结,1993-12-08
1970,8,月结,1993-12-08
2504,16,月结,1993-12-09
358,12,月结,1993-12-09
2980,66,月结,1993-12-09
3918,53,月结,1993-12-09
1680,59,月结,1993-12-10
3039,1,月结,1993-12-10
3380,64,月结,1993-12-10
2128,22,月结,1993-12-10
903,47,月结,1993-12-10
1762,28,月结,1993-12-11
61,70,月结,1993-12-11
391,36,月结,1993-12-11
2305,1,月结,1993-12-11
1588,67,月结,1993-12-11
183,43,月结,1993-12-12
365,74,月结,1993-12-12
2476,32,月结,1993-12-12
347,65,月结,1993-12-13
1877,76,月结,1993-12-13
3196,1,月结,1993-12-13
2928,55,月结,1993-12-14
1225,4,月结,1993-12-14
3825,7,月结,1993-12-14
180,55,周结,1993-12-14
2813,24,月结,1993-12-15
1605,72,月结,1993-12-16
1792,7,月结,1993-12-16
1604,54,月结,1993-12-16
883,1,月结,1993-12-17
441,27,周结,1993-12-17
3429,73,月结,1993-12-17
4514,69,月结,1993-12-18
1088,32,月结,1993-12-19
3094,56,月结,1993-12-20
1768,15,月结,1993-12-20
2768,73,月结,1993-12-20
2257,57,月结,1993-12-21
1882,1,月结,1993-12-21
719,30,月结,1993-12-21
5092,74,月结,1993-12-21
3292,1,月结,1993-12-21
3604,75,月结,1993-12-22
2733,76,月结,1993-12-22
3669,76,月结,1993-12-22
1940,52,月结,1993-12-22
3056,55,月结,1993-12-22
1419,33,月结,1993-12-22
2971,76,周结,1993-12-23
1959,62,月结,1993-12-24
3164,33,月结,1993-12-24
3197,1,月结,1993-12-25
2770,42,月结,1993-12-25
7944,59,月结,1993-12-27
1080,55,月结,1993-12-27
6148,74,月结,1993-12-27
2010,1,月结,1993-12-27
3135,72,月结,1993-12-27
1098,47,月结,1993-12-28
100,41,月结,1993-12-28
2913,8,月结,1993-12-28
1153,35,月结,1993-12-29
1635,19,月结,1993-12-29
2842,14,月结,1993-12-29
3759,1,月结,1993-12-29
3594,29,月结,1993-12-30
2778,38,月结,1993-12-30
2161,15,周结,1993-12-30
2789,14,月结,1994-01-01
1552,18,月结,1994-01-02
628,72,月结,1994-01-03
1458,29,月结,1994-01-03
2673,34,月结,1994-01-04
1788,1,月结,1994-01-04
1193,29,月结,1994-01-05
969,19,月结,1994-01-08
1512,1,月结,1994-01-08
3997,62,月结,1994-01-13
2179,1,周结,1994-01-14
1164,35,月结,1994-01-14
4774,66,月结,1994-01-14
4413,74,周结,1994-01-15
1824,52,月结,1994-01-17
1231,7,月结,1994-01-18
2664,58,月结,1994-01-20
1627,1,月结,1994-01-20
9104,10,月结,1994-01-21
2326,70,月结,1994-01-24
4356,47,月结,1994-01-26
3667,55,月结,1994-01-26
742,77,月结,1994-01-28
2538,42,月结,1994-01-30
127,29,月结,1994-02-02
726,76,月结,1994-02-03
4907,42,月结,1994-02-06
2628,64,交易之后马上,1994-02-06
3898,70,月结,1994-02-07
6472,61,月结,1994-02-08
1770,65,月结,1994-02-08
2472,60,月结,1994-02-08
1159,49,月结,1994-02-09
4418,66,月结,1994-02-09
1470,19,月结,1994-02-10
1813,47,月结,1994-02-11
4416,14,月结,1994-02-12
2315,75,月结,1994-02-13
3876,69,月结,1994-02-13
4329,1,月结,1994-02-17
3184,1,月结,1994-02-18
370,25,月结,1994-02-18
1317,56,月结,1994-02-18
2675,1,月结,1994-02-19
3840,76,月结,1994-02-19
4009,56,月结,1994-02-20
3886,1,月结,1994-02-20
3445,1,月结,1994-02-22
2482,1,月结,1994-02-23
2361,28,月结,1994-02-25
974,29,月结,1994-02-25
2959,8,月结,1994-02-25
1880,76,月结,1994-02-25
3355,70,月结,1994-02-26
2501,30,月结,1994-02-26
1073,73,月结,1994-02-27
8558,1,交易之后马上,1994-02-27
3101,1,月结,1994-02-27
2568,17,月结,1994-03-02
1169,49,交易之后马上,1994-03-02
3684,23,月结,1994-03-04
1406,50,月结,1994-03-04
71,1,月结,1994-03-05
3528,10,月结,1994-03-05
3405,36,月结,1994-03-07
6118,1,周结,1994-03-07
2382,59,月结,1994-03-08
1570,1,月结,1994-03-12
1511,51,交易之后马上,1994-03-13
1237,9,月结,1994-03-13
3307,30,月结,1994-03-13
3378,55,月结,1994-03-14
989,19,月结,1994-03-14
3253,71,交易之后马上,1994-03-15
1626,3,月结,1994-03-15
289,1,月结,1994-03-17
1987,54,月结,1994-03-17
817,5,月结,1994-03-18
2228,34,月结,1994-03-19
904,1,月结,1994-03-20
3824,41,月结,1994-03-20
3599,63,月结,1994-03-20
22,1,月结,1994-03-23
470,64,月结,1994-03-23
1273,37,月结,1994-03-25
237,50,月结,1994-03-25
59,43,月结,1994-03-27
572,32,月结,1994-03-27
1269,52,月结,1994-03-28
855,1,月结,1994-03-28
3183,45,月结,1994-04-01
1969,5,月结,1994-04-02
2799,54,周结,1994-04-03
1042,43,月结,1994-04-03
1158,50,月结,1994-04-03
2713,26,月结,1994-04-03
740,28,月结,1994-04-04
493,26,月结,1994-04-05
2067,76,月结,1994-04-07
3804,7,月结,1994-04-07
4259,66,月结,1994-04-08
2886,1,月结,1994-04-08
761,43,月结,1994-04-09
1918,24,月结,1994-04-10
3036,10,月结,1994-04-10
3259,1,月结,1994-04-11
4408,71,周结,1994-04-11
2009,17,月结,1994-04-14
1194,1,月结,1994-04-15
3718,63,月结,1994-04-16
3201,4,月结,1994-04-17
460,1,月结,1994-04-18
784,59,月结,1994-04-19
3714,2,周结,1994-04-21
2154,63,月结,1994-04-21
1256,38,月结,1994-04-21
1353,51,月结,1994-04-21
1820,10,月结,1994-04-22
2494,74,月结,1994-04-23
2399,1,月结,1994-04-26
343,18,月结,1994-04-26
575,38,月结,1994-04-26
900,48,月结,1994-04-26
1467,37,月结,1994-04-27
31,68,月结,1994-04-27
1375,19,月结,1994-04-27
1371,1,月结,1994-04-27
844,53,月结,1994-04-28
908,62,月结,1994-04-29
3134,48,月结,1994-04-29
2092,1,月结,1994-04-29
3747,1,月结,1994-05-01
277,32,交易之后马上,1994-05-01
3595,30,月结,1994-05-01
2511,40,月结,1994-05-01
1388,29,月结,1994-05-02
4245,52,月结,1994-05-02
3838,3,月结,1994-05-02
543,64,月结,1994-05-03
3653,31,月结,1994-05-03
524,61,月结,1994-05-03
82,26,月结,1994-05-03
3912,2,月结,1994-05-04
1949,41,月结,1994-05-04
1865,1,月结,1994-05-04
451,11,月结,1994-05-05
50,1,月结,1994-05-06
1184,14,月结,1994-05-06
363,1,月结,1994-05-06
2454,8,月结,1994-05-07
2847,75,月结,1994-05-08
2740,14,月结,1994-05-08
1871,48,月结,1994-05-10
8405,20,月结,1994-05-10
266,47,月结,1994-05-11
1879,10,月结,1994-05-13
2259,64,月结,1994-05-14
609,63,月结,1994-05-15
9750,74,月结,1994-05-16
2375,29,月结,1994-05-16
216,38,月结,1994-05-16
56,50,月结,1994-05-16
7824,60,月结,1994-05-17
649,69,周结,1994-05-17
2996,54,月结,1994-05-17
1509,51,月结,1994-05-19
2170,1,交易之后马上,1994-05-19
2001,75,月结,1994-05-19
2903,38,月结,1994-05-19
3717,56,月结,1994-05-20
4195,67,月结,1994-05-21
2496,51,月结,1994-05-21
9583,31,周结,1994-05-22
3636,21,月结,1994-05-22
1826,5,月结,1994-05-22
2227,31,周结,1994-05-22
2749,1,月结,1994-05-23
535,35,月结,1994-05-24
4066,72,月结,1994-05-24
2662,71,月结,1994-05-24
1053,57,月结,1994-05-25
11333,8,月结,1994-05-26
1838,68,月结,1994-05-26
3037,44,月结,1994-05-26
3372,23,月结,1994-05-26
985,32,月结,1994-05-29
6924,74,月结,1994-06-01
3484,22,月结,1994-06-01
700,20,月结,1994-06-01
3289,1,月结,1994-06-02
2638,5,月结,1994-06-02
8316,70,月结,1994-06-04
1634,77,月结,1994-06-04
4825,15,月结,1994-06-04
3650,8,月结,1994-06-05
10942,44,周结,1994-06-05
2922,16,月结,1994-06-06
693,2,月结,1994-06-06
2260,1,月结,1994-06-07
538,70,月结,1994-06-07
548,16,月结,1994-06-07
941,8,月结,1994-06-08
2155,58,月结,1994-06-08
4519,8,月结,1994-06-08
3539,42,月结,1994-06-08
6511,72,月结,1994-06-10
2569,2,月结,1994-06-10
43,36,月结,1994-06-12
1047,46,月结,1994-06-13
3479,22,月结,1994-06-14
2868,1,月结,1994-06-15
4328,72,月结,1994-06-17
5628,61,月结,1994-06-17
3160,22,月结,1994-06-19
1856,26,月结,1994-06-19
154,46,月结,1994-06-21
3030,65,月结,1994-06-22
1938,1,月结,1994-06-25
1870,10,月结,1994-06-25
3275,74,月结,1994-06-29
8492,2,月结,1994-06-29
10093,1,周结,1994-07-01
3805,9,月结,1994-07-02
200,17,月结,1994-07-03
2471,6,月结,1994-07-03
352,39,月结,1994-07-04
1291,1,月结,1994-07-04
161,28,月结,1994-07-04
711,70,月结,1994-07-06
964,26,月结,1994-07-08
1012,65,月结,1994-07-09
4276,43,月结,1994-07-09
901,60,月结,1994-07-10
7765,52,周结,1994-07-10
90,1,月结,1994-07-13
5574,13,周结,1994-07-14
741,54,月结,1994-07-14
2819,35,月结,1994-07-16
478,58,月结,1994-07-16
2615,68,月结,1994-07-17
3503,1,月结,1994-07-17
3921,18,月结,1994-07-17
662,21,月结,1994-07-18
2654,56,月结,1994-07-21
9627,65,交易之后马上,1994-07-22
2470,16,月结,1994-07-23
427,8,月结,1994-07-24
709,19,月结,1994-07-25
629,31,月结,1994-07-25
2606,1,月结,1994-07-27
6738,62,月结,1994-07-28
2912,74,月结,1994-07-30
4995,20,周结,1994-08-01
1022,33,周结,1994-08-01
1797,24,月结,1994-08-01
3497,76,月结,1994-08-02
1848,1,月结,1994-08-04
582,12,月结,1994-08-05
3167,18,月结,1994-08-08
1579,57,月结,1994-08-09
610,74,月结,1994-08-11
3536,24,月结,1994-08-11
1017,14,月结,1994-08-11
3017,75,月结,1994-08-12
3112,38,月结,1994-08-12
1360,71,月结,1994-08-14
2747,1,月结,1994-08-14
9192,1,月结,1994-08-16
1398,62,月结,1994-08-18
1246,58,月结,1994-08-18
1592,38,月结,1994-08-18
3728,10,月结,1994-08-18
4131,5,月结,1994-08-19
377,70,月结,1994-08-19
1911,68,月结,1994-08-21
635,21,月结,1994-08-21
3625,3,月结,1994-08-22
3425,70,月结,1994-08-24
1327,65,月结,1994-08-24
8776,64,月结,1994-08-24
2798,70,月结,1994-08-24
2401,16,月结,1994-08-26
3612,70,月结,1994-08-27
4580,9,月结,1994-08-27
3226,65,月结,1994-08-28
7523,63,月结,1994-08-29
3533,74,月结,1994-08-29
422,53,周结,1994-08-29
3608,72,周结,1994-08-30
1105,55,月结,1994-09-01
2596,1,月结,1994-09-02
9006,40,周结,1994-09-02
3579,53,月结,1994-09-02
710,25,月结,1994-09-02
7546,43,月结,1994-09-03
1766,28,月结,1994-09-03
1292,3,月结,1994-09-03
3797,64,月结,1994-09-03
3478,30,月结,1994-09-04
8899,1,周结,1994-09-05
1975,19,月结,1994-09-07
3049,61,月结,1994-09-08
3730,17,月结,1994-09-08
1714,72,月结,1994-09-08
518,74,月结,1994-09-09
6321,1,月结,1994-09-10
3926,72,月结,1994-09-11
1878,52,周结,1994-09-13
3712,3,月结,1994-09-13
2030,51,月结,1994-09-13
3869,72,月结,1994-09-13
1908,20,月结,1994-09-13
3142,2,月结,1994-09-14
1301,18,月结,1994-09-15
3288,54,月结,1994-09-15
318,36,月结,1994-09-16
3336,51,月结,1994-09-19
1653,1,月结,1994-09-19
577,29,月结,1994-09-20
2960,19,月结,1994-09-20
2267,54,周结,1994-09-20
1989,48,月结,1994-09-21
1352,1,月结,1994-09-23
851,15,月结,1994-09-23
716,47,月结,1994-09-25
3555,32,月结,1994-09-26
6,51,月结,1994-09-27
1828,1,月结,1994-09-28
1333,21,月结,1994-09-29
11359,61,月结,1994-10-01
3457,54,月结,1994-10-01
2627,76,月结,1994-10-02
2025,19,月结,1994-10-02
3975,20,月结,1994-10-02
2905,74,月结,1994-10-03
3827,1,月结,1994-10-04
939,55,月结,1994-10-04
1421,71,月结,1994-10-05
1934,46,月结,1994-10-05
3878,23,月结,1994-10-07
2363,47,月结,1994-10-07
1559,14,月结,1994-10-08
2195,73,月结,1994-10-08
1205,73,月结,1994-10-08
2059,37,月结,1994-10-08
2333,45,月结,1994-10-08
3074,74,周结,1994-10-08
2840,15,月结,1994-10-09
2430,3,月结,1994-10-09
2463,56,月结,1994-10-11
3860,4,月结,1994-10-11
2788,54,月结,1994-10-12
8127,37,月结,1994-10-13
596,31,月结,1994-10-13
3622,53,月结,1994-10-15
1312,23,月结,1994-10-15
2742,23,月结,1994-10-15
654,63,月结,1994-10-16
4283,39,月结,1994-10-16
2924,56,月结,1994-10-16
3756,39,周结,1994-10-17
2790,1,月结,1994-10-18
67,16,月结,1994-10-19
2949,1,月结,1994-10-21
3849,75,月结,1994-10-21
5422,66,月结,1994-10-22
988,10,月结,1994-10-22
3058,44,月结,1994-10-23
1958,40,月结,1994-10-24
1441,50,月结,1994-10-25
1109,66,月结,1994-10-27
2536,41,月结,1994-10-28
1295,15,月结,1994-10-28
3419,1,月结,1994-10-29
1993,68,月结,1994-10-30
1076,1,月结,1994-10-30
960,4,交易之后马上,1994-11-02
201,63,月结,1994-11-02
1168,29,月结,1994-11-03
2365,42,月结,1994-11-04
973,54,月结,1994-11-05
3663,67,月结,1994-11-06
3576,58,月结,1994-11-07
4082,49,月结,1994-11-08
2541,57,月结,1994-11-08
4476,24,月结,1994-11-10
2572,64,交易之后马上,1994-11-13
2377,77,月结,1994-11-13
1554,47,月结,1994-11-15
5632,5,周结,1994-11-15
940,37,月结,1994-11-15
1583,69,交易之后马上,1994-11-17
2218,19,月结,1994-11-21
1708,22,月结,1994-11-21
449,19,月结,1994-11-22
2044,6,月结,1994-11-23
11186,12,月结,1994-11-24
29,7,月结,1994-11-24
3752,1,月结,1994-11-25
2028,7,周结,1994-11-26
1294,71,月结,1994-11-27
106,63,月结,1994-11-27
2707,61,月结,1994-11-27
2027,19,月结,1994-11-28
3369,8,月结,1994-12-01
9731,54,交易之后马上,1994-12-01
1578,48,月结,1994-12-01
8411,20,月结,1994-12-02
1919,18,月结,1994-12-04
1307,56,月结,1994-12-05
2121,64,月结,1994-12-05
1436,3,月结,1994-12-07
3489,9,月结,1994-12-08
3348,4,月结,1994-12-08
2809,73,月结,1994-12-08
3364,21,周结,1994-12-08
2546,1,月结,1994-12-08
2343,68,月结,1994-12-09
594,54,月结,1994-12-09
4434,41,月结,1994-12-09
359,11,月结,1994-12-11
3279,46,周结,1994-12-17
1011,45,月结,1994-12-17
8856,15,月结,1994-12-18
2808,1,月结,1994-12-18
5357,70,月结,1994-12-18
775,1,月结,1994-12-18
2524,1,月结,1994-12-19
3903,58,月结,1994-12-19
802,15,月结,1994-12-20
3567,5,月结,1994-12-20
68,37,交易之后马上,1994-12-20
1417,75,月结,1994-12-20
3643,1,月结,1994-12-22
10728,71,月结,1994-12-23
2384,40,月结,1994-12-23
1835,74,月结,1994-12-24
3621,32,月结,1994-12-25
1394,32,月结,1994-12-27
3006,64,月结,1995-01-01
2322,33,月结,1995-01-02
1331,59,月结,1995-01-03
2355,1,月结,1995-01-03
3482,70,月结,1995-01-03
4503,50,月结,1995-01-03
2077,29,月结,1995-01-04
685,37,周结,1995-01-04
2163,17,月结,1995-01-05
2239,25,月结,1995-01-05
1706,1,月结,1995-01-05
7795,64,月结,1995-01-05
3128,1,月结,1995-01-06
2978,74,月结,1995-01-06
3141,1,周结,1995-01-06
3250,1,月结,1995-01-06
1955,49,月结,1995-01-07
5650,10,交易之后马上,1995-01-08
3641,7,月结,1995-01-09
2923,43,月结,1995-01-10
8092,54,月结,1995-01-11
2421,18,月结,1995-01-11
1437,50,月结,1995-01-13
756,65,月结,1995-01-13
3244,56,月结,1995-01-14
10630,41,月结,1995-01-15
3981,23,月结,1995-01-15
3812,72,月结,1995-01-16
4368,1,月结,1995-01-16
2729,40,月结,1995-01-16
2446,3,月结,1995-01-16
839,16,月结,1995-01-17
1625,1,月结,1995-01-17
2563,48,月结,1995-01-17
1414,58,月结,1995-01-17
7562,72,周结,1995-01-17
2185,67,月结,1995-01-18
1446,57,月结,1995-01-18
915,72,月结,1995-01-18
3777,70,月结,1995-01-19
2414,1,月结,1995-01-19
9814,64,周结,1995-01-19
2681,28,月结,1995-01-19
484,1,月结,1995-01-20
217,77,月结,1995-01-20
9030,72,月结,1995-01-21
2352,70,月结,1995-01-21
1526,52,月结,1995-01-22
3841,8,月结,1995-01-22
270,27,月结,1995-01-23
1914,27,月结,1995-01-24
2054,1,月结,1995-01-24
2111,42,周结,1995-01-25
1769,39,月结,1995-01-25
2663,64,月结,1995-01-25
4103,38,月结,1995-01-25
5735,52,月结,1995-01-25
3362,73,月结,1995-01-25
2755,20,月结,1995-01-26
3235,8,月结,1995-01-26
795,25,月结,1995-01-27
1548,47,月结,1995-01-27
650,3,月结,1995-01-28
11042,72,月结,1995-01-29
3421,31,月结,1995-02-01
1112,48,月结,1995-02-03
3583,40,月结,1995-02-03
4001,54,月结,1995-02-04
393,46,月结,1995-02-04
2718,29,月结,1995-02-05
1496,57,月结,1995-02-05
2968,15,月结,1995-02-05
1889,59,月结,1995-02-06
789,39,月结,1995-02-06
7614,62,月结,1995-02-08
8159,26,月结,1995-02-08
2151,38,月结,1995-02-08
3865,50,月结,1995-02-09
4109,54,月结,1995-02-09
515,57,月结,1995-02-09
3817,70,月结,1995-02-10
2268,1,月结,1995-02-11
388,59,月结,1995-02-11
3623,59,月结,1995-02-12
1967,26,周结,1995-02-13
4727,2,月结,1995-02-13
3466,64,月结,1995-02-16
3297,53,月结,1995-02-17
607,16,月结,1995-02-17
1858,72,月结,1995-02-18
3978,59,月结,1995-02-18
70,8,月结,1995-02-18
781,33,月结,1995-02-19
10884,65,月结,1995-02-20
2688,72,月结,1995-02-20
1772,31,周结,1995-02-20
2490,22,月结,1995-02-21
2047,20,月结,1995-02-21
3839,1,月结,1995-02-21
1633,51,月结,1995-02-22
763,1,月结,1995-02-23
4161,1,月结,1995-02-23
2431,74,月结,1995-02-23
3753,28,月结,1995-02-24
1778,15,月结,1995-02-25
2911,33,月结,1995-02-25
3710,1,月结,1995-02-25
1702,56,月结,1995-02-27
3737,34,月结,1995-03-01
190,74,月结,1995-03-02
2865,1,月结,1995-03-03
3014,75,周结,1995-03-03
2680,46,月结,1995-03-03
1129,35,月结,1995-03-03
3233,31,月结,1995-03-03
1287,35,月结,1995-03-04
9897,1,月结,1995-03-04
30,36,月结,1995-03-04
2367,28,月结,1995-03-04
3826,34,月结,1995-03-05
376,25,月结,1995-03-05
1108,26,月结,1995-03-09
108,53,月结,1995-03-10
1802,75,月结,1995-03-10
3230,1,月结,1995-03-11
3989,19,月结,1995-03-11
2723,75,月结,1995-03-12
7859,52,月结,1995-03-14
7606,21,月结,1995-03-15
158,37,月结,1995-03-15
6397,48,月结,1995-03-15
150,73,月结,1995-03-16
3402,76,周结,1995-03-16
2810,66,月结,1995-03-16
586,54,月结,1995-03-16
1261,52,月结,1995-03-18
2856,25,月结,1995-03-18
288,25,月结,1995-03-18
3750,77,月结,1995-03-18
1174,70,月结,1995-03-21
1306,1,月结,1995-03-22
5541,43,月结,1995-03-24
1,18,月结,1995-03-24
981,66,月结,1995-03-25
767,25,月结,1995-03-26
608,32,月结,1995-03-27
1757,75,月结,1995-03-27
6609,16,月结,1995-03-27
870,70,月结,1995-03-27
227,27,月结,1995-03-28
568,18,月结,1995-03-28
1254,74,月结,1995-03-28
1540,1,月结,1995-03-29
1692,56,月结,1995-03-29
1249,67,月结,1995-03-30
95,1,月结,1995-03-30
1561,66,月结,1995-04-01
2540,54,月结,1995-04-01
248,1,月结,1995-04-02
9493,64,月结,1995-04-02
5126,58,月结,1995-04-03
231,22,月结,1995-04-03
2203,47,月结,1995-04-04
6910,76,月结,1995-04-04
1986,46,月结,1995-04-04
2839,70,月结,1995-04-04
1479,54,月结,1995-04-04
3147,54,月结,1995-04-05
6289,64,月结,1995-04-05
1590,77,月结,1995-04-07
7418,21,月结,1995-04-07
19,21,月结,1995-04-07
842,62,月结,1995-04-07
1821,70,月结,1995-04-07
206,61,月结,1995-04-08
3109,18,月结,1995-04-08
7815,19,周结,1995-04-09
7136,12,周结,1995-04-09
1228,62,月结,1995-04-09
893,53,月结,1995-04-12
3702,53,月结,1995-04-13
4852,47,月结,1995-04-13
2750,13,月结,1995-04-13
1046,1,月结,1995-04-14
3729,31,月结,1995-04-14
1862,19,周结,1995-04-15
1309,1,月结,1995-04-15
1315,13,月结,1995-04-17
3321,17,月结,1995-04-18
3231,73,月结,1995-04-18
5724,14,交易之后马上,1995-04-19
3823,74,月结,1995-04-19
2726,18,月结,1995-04-20
1038,64,月结,1995-04-20
7861,34,月结,1995-04-22
819,20,月结,1995-04-22
455,54,月结,1995-04-23
3930,37,月结,1995-04-25
4423,39,月结,1995-04-26
267,38,月结,1995-04-26
922,61,月结,1995-04-27
3735,1,月结,1995-04-27
3449,1,月结,1995-04-27
2751,31,月结,1995-04-28
404,41,月结,1995-04-28
2547,74,月结,1995-04-28
1248,22,月结,1995-04-29
2331,8,月结,1995-04-29
1010,61,月结,1995-05-01
54,4,月结,1995-05-02
2364,33,月结,1995-05-03
1280,70,月结,1995-05-03
2931,36,月结,1995-05-04
10351,23,月结,1995-05-04
3936,39,月结,1995-05-04
5194,1,交易之后马上,1995-05-05
3464,25,月结,1995-05-05
533,40,月结,1995-05-07
3940,35,周结,1995-05-07
4538,70,月结,1995-05-07
454,7,月结,1995-05-07
1183,12,月结,1995-05-08
2323,72,月结,1995-05-08
463,51,月结,1995-05-08
285,17,月结,1995-05-08
4105,58,月结,1995-05-08
2525,45,月结,1995-05-08
6434,1,月结,1995-05-08
2919,77,月结,1995-05-10
1741,21,月结,1995-05-10
746,75,月结,1995-05-10
256,37,月结,1995-05-14
3845,48,月结,1995-05-14
4014,56,交易之后马上,1995-05-15
2178,64,月结,1995-05-15
2935,68,月结,1995-05-15
544,32,月结,1995-05-15
1720,35,月结,1995-05-16
875,63,月结,1995-05-17
733,49,周结,1995-05-17
3251,59,月结,1995-05-18
5358,4,月结,1995-05-18
2521,63,月结,1995-05-19
10963,16,月结,1995-05-20
57,1,月结,1995-05-21
4589,4,月结,1995-05-22
490,45,月结,1995-05-23
3386,2,月结,1995-05-23
8998,61,月结,1995-05-24
11349,1,周结,1995-05-26
2969,29,月结,1995-05-26
1530,70,月结,1995-05-27
1642,64,月结,1995-05-27
6358,3,月结,1995-05-27
10001,24,月结,1995-05-28
3186,10,月结,1995-05-28
1059,8,月结,1995-05-30
3624,32,周结,1995-05-30
1974,42,月结,1995-06-01
2559,32,月结,1995-06-01
11069,37,月结,1995-06-02
3874,51,月结,1995-06-02
3520,72,月结,1995-06-04
2018,42,月结,1995-06-04
2877,37,月结,1995-06-04
2642,68,月结,1995-06-05
553,26,月结,1995-06-06
1092,41,月结,1995-06-06
471,47,月结,1995-06-07
53,77,月结,1995-06-07
1413,65,月结,1995-06-07
5774,1,月结,1995-06-08
3392,1,月结,1995-06-08
1465,30,月结,1995-06-08
1420,68,月结,1995-06-08
1620,17,月结,1995-06-08
4121,54,月结,1995-06-08
754,1,月结,1995-06-08
3045,1,月结,1995-06-08
3453,13,月结,1995-06-08
1696,43,月结,1995-06-09
2139,8,月结,1995-06-09
1793,56,月结,1995-06-10
3725,33,月结,1995-06-11
896,3,月结,1995-06-11
3252,12,月结,1995-06-12
808,69,月结,1995-06-13
3601,54,月结,1995-06-13
131,52,月结,1995-06-13
3124,6,月结,1995-06-13
7618,72,周结,1995-06-13
807,76,周结,1995-06-13
3847,33,月结,1995-06-13
223,39,月结,1995-06-13
2328,35,月结,1995-06-14
1519,9,月结,1995-06-14
10019,8,月结,1995-06-15
458,7,月结,1995-06-16
120,65,周结,1995-06-16
1846,6,月结,1995-06-17
2096,32,月结,1995-06-17
2297,46,月结,1995-06-18
7184,5,月结,1995-06-19
2781,16,月结,1995-06-20
1031,74,月结,1995-06-20
3810,43,月结,1995-06-22
1151,40,月结,1995-06-23
1728,74,月结,1995-06-23
9235,37,月结,1995-06-24
3363,30,月结,1995-06-24
3436,5,月结,1995-06-24
2533,49,月结,1995-06-27
99,1,月结,1995-06-27
638,65,月结,1995-06-28
2292,41,月结,1995-06-29
1725,72,交易之后马上,1995-07-03
3410,39,月结,1995-07-03
1597,68,月结,1995-07-04
2041,48,月结,1995-07-05
5742,74,交易之后马上,1995-07-05
4415,73,月结,1995-07-05
4330,47,月结,1995-07-05
3458,63,月结,1995-07-07
3330,76,月结,1995-07-08
6649,1,月结,1995-07-08
3779,74,月结,1995-07-08
1103,66,月结,1995-07-09
731,5,月结,1995-07-11
2307,60,月结,1995-07-12
3474,23,月结,1995-07-12
625,70,月结,1995-07-12
1075,35,月结,1995-07-13
2281,1,月结,1995-07-13
3895,27,月结,1995-07-14
5263,64,月结,1995-07-14
5794,70,月结,1995-07-14
1220,1,月结,1995-07-15
1568,23,月结,1995-07-15
1344,12,交易之后马上,1995-07-16
8547,14,周结,1995-07-17
1135,1,月结,1995-07-17
4263,5,月结,1995-07-17
3532,73,月结,1995-07-18
1251,34,周结,1995-07-18
1936,70,月结,1995-07-18
2244,46,月结,1995-07-19
2310,15,月结,1995-07-19
1994,42,月结,1995-07-19
720,54,月结,1995-07-20
1472,2,月结,1995-07-20
2144,55,交易之后马上,1995-07-21
953,14,月结,1995-07-22
4081,11,月结,1995-07-22
10018,8,月结,1995-07-23
2553,41,月结,1995-07-24
2520,18,月结,1995-07-25
1252,13,周结,1995-07-26
3357,54,月结,1995-07-26
6985,38,月结,1995-07-27
2957,25,月结,1995-07-28
4948,43,月结,1995-07-29
1803,24,月结,1995-07-29
2577,7,月结,1995-07-30
1009,1,周结,1995-08-01
2265,65,月结,1995-08-03
675,58,月结,1995-08-03
5033,54,月结,1995-08-03
1971,41,月结,1995-08-04
2830,20,月结,1995-08-04
1927,42,月结,1995-08-04
5118,72,月结,1995-08-05
3203,23,月结,1995-08-07
3270,30,月结,1995-08-08
1520,48,月结,1995-08-08
4681,70,月结,1995-08-08
3902,1,月结,1995-08-08
8327,1,周结,1995-08-08
1203,72,月结,1995-08-09
2608,19,月结,1995-08-09
2206,45,月结,1995-08-10
3216,3,月结,1995-08-11
1122,13,月结,1995-08-12
786,53,月结,1995-08-12
3631,1,月结,1995-08-13
2514,16,月结,1995-08-13
75,1,月结,1995-08-13
3679,64,月结,1995-08-15
2562,35,月结,1995-08-15
2280,68,月结,1995-08-17
3896,45,月结,1995-08-17
11138,70,周结,1995-08-18
5213,1,月结,1995-08-18
531,31,月结,1995-08-18
6856,43,月结,1995-08-19
5024,70,月结,1995-08-20
560,36,月结,1995-08-20
11382,74,月结,1995-08-20
2855,27,月结,1995-08-21
2858,56,月结,1995-08-22
3763,55,月结,1995-08-23
995,64,月结,1995-08-23
3315,23,月结,1995-08-24
3582,19,月结,1995-08-26
420,75,月结,1995-08-26
937,43,月结,1995-08-26
4258,51,月结,1995-08-26
5066,13,周结,1995-08-27
2236,73,月结,1995-08-27
3995,12,月结,1995-08-27
894,46,月结,1995-08-27
418,36,月结,1995-08-27
3254,36,月结,1995-08-27
32,5,月结,1995-08-28
213,73,月结,1995-08-29
2833,64,月结,1995-08-30
3553,70,月结,1995-08-30
9052,43,交易之后马上,1995-08-30
3139,12,月结,1995-08-30
1562,1,月结,1995-08-30
1961,13,月结,1995-08-30
353,24,月结,1995-08-30
1640,13,月结,1995-09-01
6872,15,月结,1995-09-02
532,26,月结,1995-09-02
674,49,月结,1995-09-02
10365,22,月结,1995-09-02
430,54,月结,1995-09-02
429,63,月结,1995-09-03
3269,37,月结,1995-09-03
1810,50,月结,1995-09-03
665,8,月结,1995-09-03
3855,33,月结,1995-09-04
3866,60,月结,1995-09-05
3914,33,月结,1995-09-05
3807,53,月结,1995-09-05
3925,1,月结,1995-09-05
219,28,月结,1995-09-06
3552,62,月结,1995-09-06
7957,51,月结,1995-09-07
1149,18,月结,1995-09-07
1423,76,月结,1995-09-08
2853,54,月结,1995-09-08
803,19,月结,1995-09-09
2456,65,月结,1995-09-09
619,1,周结,1995-09-09
301,60,月结,1995-09-10
372,55,月结,1995-09-10
3492,33,月结,1995-09-10
6463,16,月结,1995-09-11
3628,70,月结,1995-09-12
2358,7,月结,1995-09-13
1613,1,月结,1995-09-13
2866,43,月结,1995-09-13
3010,46,月结,1995-09-13
3368,24,月结,1995-09-14
5125,1,月结,1995-09-14
994,72,月结,1995-09-15
1674,1,月结,1995-09-15
3234,1,月结,1995-09-16
1452,45,月结,1995-09-16
9377,1,月结,1995-09-17
3758,38,月结,1995-09-19
138,22,月结,1995-09-19
1376,64,月结,1995-09-20
3770,23,月结,1995-09-20
11271,5,月结,1995-09-20
2353,51,月结,1995-09-21
1335,54,月结,1995-09-21
2119,74,月结,1995-09-21
8,57,月结,1995-09-21
1704,70,月结,1995-09-22
1660,1,月结,1995-09-22
5429,71,月结,1995-09-22
3440,22,月结,1995-09-22
2148,1,月结,1995-09-22
676,39,月结,1995-09-22
2731,1,月结,1995-09-26
80,43,月结,1995-09-27
3417,48,月结,1995-09-28
169,4,月结,1995-09-28
4047,45,周结,1995-09-29
7487,4,月结,1995-10-01
992,22,月结,1995-10-01
331,65,月结,1995-10-02
2835,73,月结,1995-10-03
3677,1,月结,1995-10-04
2565,74,月结,1995-10-04
4190,62,月结,1995-10-04
3317,4,月结,1995-10-04
1690,16,月结,1995-10-07
1448,1,月结,1995-10-07
521,9,月结,1995-10-08
3132,56,月结,1995-10-08
3944,22,月结,1995-10-08
1427,17,月结,1995-10-08
1742,68,月结,1995-10-08
6400,31,交易之后马上,1995-10-09
3486,64,月结,1995-10-09
4473,45,月结,1995-10-09
2965,6,月结,1995-10-10
2301,22,月结,1995-10-10
2674,50,月结,1995-10-10
11,76,月结,1995-10-10
8533,47,月结,1995-10-10
1089,74,月结,1995-10-10
5063,43,月结,1995-10-11
1257,66,月结,1995-10-11
990,17,月结,1995-10-11
1581,39,月结,1995-10-12
2424,1,月结,1995-10-13
917,56,月结,1995-10-13
2255,52,月结,1995-10-14
11362,67,月结,1995-10-14
1796,18,月结,1995-10-14
2834,70,月结,1995-10-14
8114,59,月结,1995-10-14
260,24,月结,1995-10-14
1749,64,月结,1995-10-14
4650,4,月结,1995-10-15
336,62,月结,1995-10-16
308,61,月结,1995-10-16
319,47,周结,1995-10-17
762,76,月结,1995-10-18
1142,74,月结,1995-10-19
3200,17,交易之后马上,1995-10-20
3646,63,周结,1995-10-20
1206,70,月结,1995-10-21
501,13,月结,1995-10-21
2235,45,月结,1995-10-22
2487,42,月结,1995-10-22
10762,1,月结,1995-10-23
3131,21,月结,1995-10-23
10520,55,交易之后马上,1995-10-24
2515,64,月结,1995-10-24
2727,1,月结,1995-10-25
1756,38,月结,1995-10-26
2500,61,月结,1995-10-26
1426,40,月结,1995-10-27
602,43,月结,1995-10-27
3637,53,月结,1995-10-28
2481,1,月结,1995-10-28
3080,57,月结,1995-10-29
2621,55,月结,1995-10-29
1238,1,月结,1995-10-29
10710,19,月结,1995-10-30
2871,52,月结,1995-10-30
1403,17,月结,1995-11-02
1629,10,月结,1995-11-02
9353,59,月结,1995-11-03
820,74,月结,1995-11-04
3384,14,月结,1995-11-05
257,11,月结,1995-11-05
479,1,月结,1995-11-05
3764,69,月结,1995-11-05
155,58,月结,1995-11-07
3945,50,月结,1995-11-07
2157,77,月结,1995-11-08
2051,64,周结,1995-11-08
3061,76,月结,1995-11-08
3111,60,月结,1995-11-08
1691,48,月结,1995-11-08
1044,14,月结,1995-11-09
1945,56,月结,1995-11-09
9790,52,月结,1995-11-09
9928,60,月结,1995-11-09
2580,60,月结,1995-11-09
1599,57,月结,1995-11-10
11079,16,月结,1995-11-10
968,74,月结,1995-11-11
810,46,月结,1995-11-11
1760,53,月结,1995-11-11
2550,67,月结,1995-11-11
3572,65,月结,1995-11-12
1030,57,月结,1995-11-12
487,40,月结,1995-11-14
3767,1,月结,1995-11-15
348,25,月结,1995-11-15
1867,52,月结,1995-11-15
2516,6,月结,1995-11-16
3303,1,月结,1995-11-17
933,21,月结,1995-11-18
3229,64,月结,1995-11-18
1700,64,月结,1995-11-18
2836,42,月结,1995-11-18
338,49,月结,1995-11-18
3148,33,月结,1995-11-19
1357,56,月结,1995-11-20
3772,7,月结,1995-11-20
486,33,月结,1995-11-21
1395,1,月结,1995-11-21
1341,36,月结,1995-11-21
9017,70,月结,1995-11-22
10411,39,交易之后马上,1995-11-23
2783,43,月结,1995-11-23
2015,68,月结,1995-11-25
2341,33,月结,1995-11-25
565,39,月结,1995-11-25
337,17,月结,1995-11-25
3780,44,月结,1995-11-25
557,1,月结,1995-11-26
3490,48,月结,1995-11-26
3973,20,月结,1995-11-27
2043,46,月结,1995-11-27
2003,32,月结,1995-11-27
728,60,月结,1995-11-28
3970,24,月结,1995-11-28
8169,29,月结,1995-11-28
452,63,月结,1995-11-29
3783,40,月结,1995-11-29
3189,29,月结,1995-11-29
3689,8,月结,1995-11-29
2803,58,月结,1995-12-01
1901,15,月结,1995-12-01
3525,70,月结,1995-12-01
3320,1,月结,1995-12-01
2851,17,月结,1995-12-02
2309,18,月结,1995-12-03
2437,1,月结,1995-12-04
1825,3,月结,1995-12-05
253,46,月结,1995-12-05
474,61,月结,1995-12-06
633,57,月结,1995-12-06
2374,1,月结,1995-12-07
1104,39,月结,1995-12-07
2692,28,月结,1995-12-08
6927,74,周结,1995-12-08
924,11,月结,1995-12-09
3305,13,月结,1995-12-09
2237,26,月结,1995-12-13
1917,73,月结,1995-12-13
1685,28,月结,1995-12-13
791,49,月结,1995-12-14
3858,2,月结,1995-12-14
5001,53,月结,1995-12-15
1469,67,月结,1995-12-15
3476,3,月结,1995-12-16
8039,9,月结,1995-12-17
3205,1,月结,1995-12-17
5477,57,月结,1995-12-17
1212,70,月结,1995-12-18
2095,56,月结,1995-12-19
1137,60,月结,1995-12-19
2570,1,月结,1995-12-19
3092,46,月结,1995-12-20
5661,53,月结,1995-12-20
809,36,月结,1995-12-20
522,17,月结,1995-12-20
2630,64,月结,1995-12-21
957,70,月结,1995-12-22
1682,49,月结,1995-12-22
3587,64,月结,1995-12-24
4269,26,月结,1995-12-24
3338,25,月结,1995-12-24
3655,1,月结,1995-12-24
84,44,交易之后马上,1995-12-25
4439,30,月结,1995-12-25
4462,73,周结,1995-12-27
3814,74,月结,1995-12-27
2780,63,月结,1995-12-29
3273,74,月结,1995-12-29
3559,18,月结,1995-12-30
3968,36,月结,1996-01-01
2159,1,月结,1996-01-01
849,1,月结,1996-01-01
2288,69,月结,1996-01-01
3051,9,月结,1996-01-01
946,21,月结,1996-01-01
2075,33,月结,1996-01-01
8931,63,周结,1996-01-01
9225,11,月结,1996-01-01
3278,4,月结,1996-01-02
2811,4,月结,1996-01-02
1670,12,月结,1996-01-02
275,29,月结,1996-01-02
1455,66,月结,1996-01-03
1311,60,月结,1996-01-03
6678,54,月结,1996-01-03
145,31,月结,1996-01-03
312,41,月结,1996-01-03
2233,43,月结,1996-01-03
3530,34,月结,1996-01-03
7828,36,月结,1996-01-05
9024,1,月结,1996-01-05
1711,63,月结,1996-01-05
2223,44,月结,1996-01-05
646,51,月结,1996-01-06
2548,57,月结,1996-01-06
2567,17,月结,1996-01-07
2153,31,周结,1996-01-07
1243,1,月结,1996-01-07
3238,47,月结,1996-01-07
954,74,月结,1996-01-08
9633,70,月结,1996-01-08
2716,66,月结,1996-01-08
1580,69,月结,1996-01-08
1483,10,月结,1996-01-09
1263,30,周结,1996-01-09
3966,42,月结,1996-01-09
3937,76,月结,1996-01-10
1591,65,月结,1996-01-10
658,4,月结,1996-01-10
3638,52,交易之后马上,1996-01-10
2605,21,月结,1996-01-10
3661,50,月结,1996-01-11
2686,26,月结,1996-01-11
2944,22,月结,1996-01-11
4994,1,周结,1996-01-11
3949,54,月结,1996-01-11
332,36,月结,1996-01-12
69,64,月结,1996-01-12
3673,30,月结,1996-01-12
5267,4,月结,1996-01-12
3170,1,月结,1996-01-12
1632,18,周结,1996-01-13
2143,1,月结,1996-01-13
1227,69,月结,1996-01-13
204,67,月结,1996-01-13
1093,54,月结,1996-01-14
1486,63,月结,1996-01-15
4253,43,月结,1996-01-16
1196,29,月结,1996-01-16
3442,4,月结,1996-01-16
9051,5,周结,1996-01-17
3373,27,月结,1996-01-18
1036,11,月结,1996-01-18
3727,66,月结,1996-01-19
2844,43,月结,1996-01-19
10297,14,月结,1996-01-19
3755,64,月结,1996-01-20
1298,7,月结,1996-01-20
1139,34,交易之后马上,1996-01-20
660,68,月结,1996-01-20
335,74,月结,1996-01-20
412,74,月结,1996-01-21
2863,14,月结,1996-01-21
2274,66,月结,1996-01-21
2522,36,月结,1996-01-21
4981,54,月结,1996-01-22
771,22,月结,1996-01-22
3832,45,月结,1996-01-22
1508,69,月结,1996-01-22
3784,25,月结,1996-01-22
9645,38,月结,1996-01-23
3947,76,月结,1996-01-23
2416,5,月结,1996-01-23
2243,25,月结,1996-01-24
3993,54,月结,1996-01-24
2225,15,月结,1996-01-24
1759,39,月结,1996-01-25
2207,35,月结,1996-01-25
3803,61,月结,1996-01-26
2754,57,周结,1996-01-26
3009,1,月结,1996-01-26
314,15,交易之后马上,1996-01-26
554,26,月结,1996-01-26
2217,73,月结,1996-01-27
262,75,月结,1996-01-27
2214,45,月结,1996-01-27
976,77,月结,1996-01-27
1439,11,月结,1996-01-27
417,73,月结,1996-01-27
3084,59,周结,1996-01-28
4204,21,月结,1996-01-29
9504,9,月结,1996-01-29
414,1,月结,1996-01-29
4424,48,月结,1996-01-29
3389,13,月结,1996-01-30
2106,1,月结,1996-02-01
355,62,周结,1996-02-01
2702,74,月结,1996-02-01
11054,59,周结,1996-02-01
10558,40,月结,1996-02-01
1859,50,月结,1996-02-02
2109,34,月结,1996-02-02
6512,34,周结,1996-02-03
1963,42,月结,1996-02-03
1977,41,月结,1996-02-03
5181,75,月结,1996-02-03
1791,1,月结,1996-02-03
2635,27,月结,1996-02-04
1623,1,月结,1996-02-04
4293,64,交易之后马上,1996-02-04
4851,52,月结,1996-02-04
2774,42,月结,1996-02-05
2469,11,月结,1996-02-05
3931,28,月结,1996-02-05
2348,65,月结,1996-02-05
218,68,月结,1996-02-06
804,64,月结,1996-02-06
923,13,月结,1996-02-07
1744,76,月结,1996-02-07
2890,69,月结,1996-02-07
1233,31,月结,1996-02-08
2719,10,月结,1996-02-08
516,6,月结,1996-02-08
2551,5,月结,1996-02-08
2499,2,月结,1996-02-08
2893,39,月结,1996-02-08
1922,60,月结,1996-02-09
264,15,月结,1996-02-09
3890,50,月结,1996-02-10
6686,61,月结,1996-02-10
3519,52,月结,1996-02-10
3597,1,交易之后马上,1996-02-11
1611,69,月结,1996-02-11
2230,7,月结,1996-02-11
3933,61,月结,1996-02-11
2212,33,月结,1996-02-12
1964,25,月结,1996-02-12
4999,1,月结,1996-02-12
8680,17,月结,1996-02-12
1612,66,月结,1996-02-12
2390,1,月结,1996-02-12
2600,1,月结,1996-02-13
1737,77,月结,1996-02-13
2993,1,周结,1996-02-13
2753,26,月结,1996-02-13
2409,76,月结,1996-02-13
949,58,月结,1996-02-13
3468,32,月结,1996-02-14
3979,37,月结,1996-02-14
296,49,月结,1996-02-14
1836,42,月结,1996-02-15
1111,5,月结,1996-02-16
3680,27,月结,1996-02-16
1916,72,月结,1996-02-16
2473,14,月结,1996-02-16
390,44,月结,1996-02-16
3439,16,月结,1996-02-16
7594,16,月结,1996-02-16
3578,1,月结,1996-02-17
2226,2,月结,1996-02-17
466,71,月结,1996-02-18
3335,35,月结,1996-02-18
620,26,月结,1996-02-18
2074,12,月结,1996-02-18
1380,53,月结,1996-02-19
2304,49,月结,1996-02-19
3754,37,周结,1996-02-19
1102,70,月结,1996-02-19
55,20,月结,1996-02-19
2403,25,月结,1996-02-20
1732,51,月结,1996-02-20
3721,22,月结,1996-02-21
184,77,月结,1996-02-21
691,24,月结,1996-02-21
10233,27,月结,1996-02-21
3358,44,月结,1996-02-21
4,12,月结,1996-02-21
3151,6,月结,1996-02-21
2017,54,月结,1996-02-21
2804,53,月结,1996-02-22
1310,1,月结,1996-02-22
3016,26,月结,1996-02-23
827,36,月结,1996-02-23
959,1,月结,1996-02-23
1585,42,月结,1996-02-23
590,50,月结,1996-02-24
3924,70,月结,1996-02-24
2772,11,月结,1996-02-24
1962,77,月结,1996-02-24
10478,70,周结,1996-02-24
5692,66,月结,1996-02-25
1265,49,月结,1996-02-25
167,29,周结,1996-02-26
2187,9,周结,1996-02-26
3079,18,月结,1996-02-26
3286,8,月结,1996-02-26
230,1,月结,1996-02-26
3193,74,月结,1996-02-27
5593,15,月结,1996-02-27
4088,45,月结,1996-03-01
3409,23,月结,1996-03-01
1216,77,月结,1996-03-01
2491,76,月结,1996-03-01
2498,40,月结,1996-03-01
3366,68,月结,1996-03-02
936,7,月结,1996-03-02
856,2,月结,1996-03-03
718,1,月结,1996-03-03
3698,1,月结,1996-03-03
3462,51,月结,1996-03-04
3881,21,月结,1996-03-04
3709,74,月结,1996-03-05
1349,75,月结,1996-03-05
1886,32,月结,1996-03-05
1897,61,交易之后马上,1996-03-05
1564,48,月结,1996-03-05
2062,70,月结,1996-03-06
141,38,月结,1996-03-06
1763,73,月结,1996-03-06
2611,1,月结,1996-03-06
825,19,月结,1996-03-06
3943,71,月结,1996-03-06
9422,70,月结,1996-03-06
1606,23,月结,1996-03-07
3263,44,月结,1996-03-07
2289,1,月结,1996-03-07
3121,46,月结,1996-03-08
3088,18,月结,1996-03-08
3952,26,月结,1996-03-08
3974,55,月结,1996-03-08
3502,74,月结,1996-03-08
3351,70,月结,1996-03-08
2105,70,月结,1996-03-09
3144,67,月结,1996-03-09
846,72,月结,1996-03-09
357,20,月结,1996-03-10
103,44,月结,1996-03-10
3118,48,月结,1996-03-10
4361,69,月结,1996-03-11
1722,32,月结,1996-03-11
4273,15,月结,1996-03-11
1510,33,月结,1996-03-11
895,24,月结,1996-03-12
840,70,月结,1996-03-12
2263,36,月结,1996-03-12
356,70,月结,1996-03-12
4863,5,月结,1996-03-12
3455,34,月结,1996-03-13
4092,74,月结,1996-03-13
10807,34,月结,1996-03-13
2598,1,月结,1996-03-14
2633,25,月结,1996-03-14
1800,51,月结,1996-03-14
1698,68,月结,1996-03-14
3994,15,月结,1996-03-14
1365,42,月结,1996-03-15
666,27,月结,1996-03-15
9242,57,月结,1996-03-15
4346,25,月结,1996-03-15
3296,67,月结,1996-03-15
2864,54,月结,1996-03-16
1980,49,月结,1996-03-16
1445,60,月结,1996-03-16
821,60,月结,1996-03-16
5591,9,月结,1996-03-16
236,72,月结,1996-03-16
210,48,月结,1996-03-17
3795,36,月结,1996-03-18
865,17,月结,1996-03-18
739,66,月结,1996-03-18
3672,26,月结,1996-03-19
2334,50,月结,1996-03-19
1028,23,月结,1996-03-19
468,49,月结,1996-03-19
853,1,月结,1996-03-20
525,70,月结,1996-03-20
3322,65,周结,1996-03-20
2033,71,月结,1996-03-20
3130,13,月结,1996-03-20
2904,13,月结,1996-03-20
1014,74,月结,1996-03-20
116,8,月结,1996-03-21
10436,60,月结,1996-03-21
4214,1,月结,1996-03-21
824,32,月结,1996-03-21
3743,1,月结,1996-03-22
2192,59,月结,1996-03-22
2406,5,月结,1996-03-22
2889,8,月结,1996-03-23
1369,32,月结,1996-03-23
2767,54,月结,1996-03-23
4008,27,月结,1996-03-23
874,56,周结,1996-03-23
3815,1,月结,1996-03-24
3605,3,月结,1996-03-24
3138,37,月结,1996-03-24
2578,54,月结,1996-03-25
2708,1,月结,1996-03-25
631,68,月结,1996-03-25
1170,25,月结,1996-03-26
2650,72,月结,1996-03-26
7890,23,月结,1996-03-26
3219,1,月结,1996-03-26
3115,14,月结,1996-03-27
208,54,月结,1996-03-27
286,71,月结,1996-03-27
898,71,月结,1996-03-27
2936,3,月结,1996-03-27
3422,21,月结,1996-03-28
10049,17,月结,1996-03-28
1250,62,月结,1996-03-28
1384,74,周结,1996-03-28
2624,31,月结,1996-03-28
3349,47,月结,1996-03-28
1351,40,月结,1996-03-29
2631,1,月结,1996-03-29
7520,9,月结,1996-03-29
10065,76,月结,1996-03-30
708,26,月结,1996-03-30
3917,1,月结,1996-03-30
514,70,月结,1996-03-30
2659,14,月结,1996-03-30
3265,52,交易之后马上,1996-03-30
1832,70,月结,1996-04-01
7565,59,月结,1996-04-02
3308,40,月结,1996-04-02
1932,35,月结,1996-04-03
1521,74,月结,1996-04-04
2909,58,月结,1996-04-04
3706,8,月结,1996-04-04
1847,47,月结,1996-04-04
2335,70,月结,1996-04-04
3041,70,月结,1996-04-04
3116,54,月结,1996-04-05
251,74,月结,1996-04-06
3632,56,周结,1996-04-06
2929,51,月结,1996-04-06
10345,36,月结,1996-04-07
1450,63,月结,1996-04-07
1461,73,月结,1996-04-07
1920,40,月结,1996-04-08
734,5,月结,1996-04-08
8085,73,月结,1996-04-08
1948,64,月结,1996-04-08
3534,59,月结,1996-04-08
278,73,月结,1996-04-08
2012,4,月结,1996-04-08
1020,56,月结,1996-04-09
2986,63,月结,1996-04-09
615,72,月结,1996-04-09
7894,27,月结,1996-04-09
3294,75,月结,1996-04-09
2450,48,月结,1996-04-10
1503,71,月结,1996-04-10
3247,61,月结,1996-04-11
3568,40,月结,1996-04-11
152,1,月结,1996-04-12
5072,6,月结,1996-04-12
1456,9,月结,1996-04-12
1622,19,月结,1996-04-12
10215,38,月结,1996-04-12
2247,24,月结,1996-04-13
2205,51,月结,1996-04-13
1543,1,月结,1996-04-14
1655,41,月结,1996-04-15
3976,74,月结,1996-04-15
1383,11,月结,1996-04-15
439,69,月结,1996-04-15
1550,1,月结,1996-04-15
101,35,月结,1996-04-16
1473,39,月结,1996-04-16
1121,32,月结,1996-04-17
2254,1,月结,1996-04-17
3806,36,月结,1996-04-18
283,44,月结,1996-04-18
2432,8,月结,1996-04-18
3802,44,月结,1996-04-18
3821,18,月结,1996-04-18
3907,37,月结,1996-04-18
3854,8,月结,1996-04-18
3606,1,月结,1996-04-18
1939,6,周结,1996-04-19
5726,17,交易之后马上,1996-04-19
3998,2,月结,1996-04-20
3021,10,月结,1996-04-20
1607,71,月结,1996-04-20
1733,18,月结,1996-04-20
2474,33,月结,1996-04-20
3816,25,月结,1996-04-21
766,3,月结,1996-04-21
695,5,月结,1996-04-21
2287,1,月结,1996-04-21
1358,39,月结,1996-04-21
3019,33,月结,1996-04-21
1641,50,月结,1996-04-22
1624,53,月结,1996-04-22
798,1,月结,1996-04-22
7240,17,月结,1996-04-23
4458,60,月结,1996-04-23
3596,59,月结,1996-04-23
1709,24,月结,1996-04-23
3859,53,月结,1996-04-23
481,72,月结,1996-04-23
1070,62,月结,1996-04-23
3280,1,月结,1996-04-24
689,1,月结,1996-04-24
4488,33,月结,1996-04-24
2246,1,月结,1996-04-25
3301,14,月结,1996-04-25
7997,10,月结,1996-04-25
1542,1,月结,1996-04-25
5395,47,月结,1996-04-26
780,3,月结,1996-04-26
5505,1,月结,1996-04-26
3178,4,月结,1996-04-27
500,56,月结,1996-04-27
3451,52,月结,1996-04-27
1304,40,月结,1996-04-27
3664,1,月结,1996-04-28
3038,10,月结,1996-04-28
951,3,月结,1996-04-28
1529,1,月结,1996-04-28
3027,62,月结,1996-04-29
4342,74,月结,1996-04-29
1582,28,月结,1996-05-01
2730,23,月结,1996-05-02
8896,28,交易之后马上,1996-05-02
1716,46,月结,1996-05-02
986,74,月结,1996-05-02
1192,29,月结,1996-05-02
2116,70,月结,1996-05-02
4127,50,月结,1996-05-03
3791,1,周结,1996-05-03
3531,59,月结,1996-05-03
2994,77,月结,1996-05-03
1328,8,月结,1996-05-04
97,74,月结,1996-05-05
3648,61,月结,1996-05-06
2591,1,月结,1996-05-06
1614,63,月结,1996-05-07
706,49,月结,1996-05-07
2232,1,月结,1996-05-07
2946,54,月结,1996-05-07
2346,27,月结,1996-05-08
3736,54,月结,1996-05-08
3887,62,月结,1996-05-08
1672,5,月结,1996-05-08
1752,68,月结,1996-05-08
1996,6,周结,1996-05-08
1244,68,月结,1996-05-08
1213,36,月结,1996-05-08
3928,24,月结,1996-05-08
1045,3,月结,1996-05-09
302,7,月结,1996-05-09
444,26,月结,1996-05-09
2035,53,月结,1996-05-10
3942,27,周结,1996-05-10
9494,21,月结,1996-05-10
913,59,月结,1996-05-10
3248,77,月结,1996-05-11
51,67,月结,1996-05-11
132,40,交易之后马上,1996-05-11
3512,46,月结,1996-05-11
6792,1,月结,1996-05-11
491,44,月结,1996-05-12
9513,59,月结,1996-05-12
684,49,月结,1996-05-12
3285,43,月结,1996-05-12
3434,32,月结,1996-05-13
2619,20,月结,1996-05-13
6158,67,月结,1996-05-13
1013,59,月结,1996-05-13
3523,65,月结,1996-05-14
136,74,月结,1996-05-14
632,29,月结,1996-05-14
3769,3,月结,1996-05-14
2757,54,月结,1996-05-14
360,32,月结,1996-05-14
9199,72,月结,1996-05-15
2752,74,月结,1996-05-15
10694,73,周结,1996-05-15
76,52,月结,1996-05-16
1924,66,月结,1996-05-16
8772,1,月结,1996-05-16
2505,60,月结,1996-05-16
7542,54,月结,1996-05-16
1074,59,月结,1996-05-16
3495,54,月结,1996-05-17
1904,70,月结,1996-05-18
1040,19,月结,1996-05-18
776,66,月结,1996-05-18
3162,63,周结,1996-05-18
379,32,月结,1996-05-18
3731,70,月结,1996-05-20
1323,43,月结,1996-05-20
580,75,月结,1996-05-20
2805,39,月结,1996-05-20
1399,45,月结,1996-05-20
1210,28,月结,1996-05-21
8972,70,月结,1996-05-21
891,34,月结,1996-05-23
2888,19,月结,1996-05-23
832,42,月结,1996-05-24
1905,34,月结,1996-05-25
7713,50,周结,1996-05-25
4099,54,月结,1996-05-26
3055,15,月结,1996-05-26
1715,60,月结,1996-05-26
1646,1,周结,1996-05-27
612,1,月结,1996-05-27
450,59,月结,1996-05-28
10445,72,月结,1996-05-29
268,3,月结,1996-05-29
3240,35,周结,1996-05-29
877,1,月结,1996-05-29
621,52,月结,1996-06-01
1124,26,月结,1996-06-02
687,27,月结,1996-06-02
3590,57,月结,1996-06-02
3459,76,月结,1996-06-02
2389,40,月结,1996-06-02
2837,46,月结,1996-06-02
2190,41,周结,1996-06-04
3746,70,月结,1996-06-04
2982,19,月结,1996-06-04
9263,68,月结,1996-06-04
1405,53,月结,1996-06-04
1954,72,月结,1996-06-05
1973,71,月结,1996-06-05
3448,58,周结,1996-06-06
1913,48,月结,1996-06-06
958,72,月结,1996-06-06
3199,66,月结,1996-06-06
375,68,月结,1996-06-07
1270,55,交易之后马上,1996-06-07
9548,62,月结,1996-06-07
3522,16,月结,1996-06-07
669,35,月结,1996-06-07
732,38,月结,1996-06-07
4585,27,月结,1996-06-08
171,46,月结,1996-06-08
3676,58,月结,1996-06-08
1082,2,月结,1996-06-08
6699,35,月结,1996-06-08
1219,1,月结,1996-06-08
4803,26,月结,1996-06-08
1528,50,月结,1996-06-08
9510,1,月结,1996-06-09
7926,69,周结,1996-06-09
3591,1,交易之后马上,1996-06-09
1058,47,月结,1996-06-11
1431,41,月结,1996-06-11
181,21,月结,1996-06-11
603,62,月结,1996-06-11
409,1,月结,1996-06-11
3584,55,月结,1996-06-12
93,2,月结,1996-06-12
2104,48,月结,1996-06-12
2710,12,月结,1996-06-12
3957,33,周结,1996-06-13
1869,1,月结,1996-06-14
2397,70,月结,1996-06-14
2603,9,月结,1996-06-14
3723,2,月结,1996-06-14
3668,1,月结,1996-06-15
2400,40,月结,1996-06-15
3015,19,月结,1996-06-15
558,10,月结,1996-06-15
3114,1,月结,1996-06-15
4626,9,月结,1996-06-15
1444,70,月结,1996-06-16
4447,62,月结,1996-06-16
3515,68,月结,1996-06-16
8158,48,周结,1996-06-16
848,31,月结,1996-06-16
1086,37,月结,1996-06-17
2602,46,月结,1996-06-17
4768,39,月结,1996-06-17
507,52,月结,1996-06-17
3647,77,月结,1996-06-17
3180,1,月结,1996-06-18
1271,17,月结,1996-06-18
2870,1,月结,1996-06-18
3645,36,月结,1996-06-18
3239,5,月结,1996-06-19
3485,53,月结,1996-06-19
567,15,月结,1996-06-19
373,67,月结,1996-06-20
2977,28,月结,1996-06-20
488,25,月结,1996-06-20
3120,1,月结,1996-06-20
3801,1,月结,1996-06-20
72,1,周结,1996-06-20
10361,21,月结,1996-06-21
587,19,月结,1996-06-21
1097,67,月结,1996-06-22
3206,38,月结,1996-06-22
3696,1,月结,1996-06-22
2387,70,月结,1996-06-22
3585,1,月结,1996-06-23
2706,47,月结,1996-06-23
2773,38,月结,1996-06-23
1781,10,月结,1996-06-23
962,64,月结,1996-06-24
2395,3,月结,1996-06-24
3227,1,月结,1996-06-24
2295,57,月结,1996-06-25
9631,11,月结,1996-06-25
140,24,月结,1996-06-25
788,12,月结,1996-06-25
2040,75,月结,1996-06-25
1029,26,月结,1996-06-25
3318,62,月结,1996-06-25
2420,35,月结,1996-06-25
3432,1,月结,1996-06-25
6688,16,月结,1996-06-25
3899,22,月结,1996-06-25
1275,32,月结,1996-06-26
1087,55,月结,1996-06-26
1396,46,月结,1996-06-26
3573,59,月结,1996-06-27
3149,57,月结,1996-06-27
1007,1,月结,1996-06-28
4379,44,月结,1996-06-28
2950,62,月结,1996-06-28
3793,5,月结,1996-06-28
3588,33,月结,1996-06-28
878,52,月结,1996-06-29
3864,33,月结,1996-07-01
1266,57,月结,1996-07-01
3089,12,周结,1996-07-02
7181,77,交易之后马上,1996-07-02
1241,53,月结,1996-07-02
1004,70,月结,1996-07-02
2344,13,月结,1996-07-02
2530,74,月结,1996-07-02
170,59,月结,1996-07-02
2319,58,月结,1996-07-02
7033,75,月结,1996-07-03
88,31,月结,1996-07-03
1480,41,周结,1996-07-03
2526,16,月结,1996-07-04
2604,68,月结,1996-07-04
5269,49,月结,1996-07-04
3563,1,月结,1996-07-04
3550,68,月结,1996-07-04
1903,11,月结,1996-07-05
3153,2,月结,1996-07-05
265,19,月结,1996-07-05
2812,18,月结,1996-07-05
1609,41,月结,1996-07-05
2737,69,月结,1996-07-06
7101,54,月结,1996-07-06
313,73,月结,1996-07-06
2593,5,月结,1996-07-06
1232,48,月结,1996-07-06
2108,74,月结,1996-07-06
3694,70,月结,1996-07-06
1289,72,月结,1996-07-07
2445,52,月结,1996-07-07
7733,19,周结,1996-07-08
1758,21,月结,1996-07-08
9859,27,月结,1996-07-08
10711,36,月结,1996-07-08
725,70,月结,1996-07-08
1739,3,月结,1996-07-08
10202,70,月结,1996-07-08
506,67,月结,1996-07-08
955,59,月结,1996-07-08
932,20,月结,1996-07-08
413,18,月结,1996-07-09
3334,67,月结,1996-07-09
2625,48,周结,1996-07-09
2147,28,月结,1996-07-10
984,2,月结,1996-07-10
3848,20,月结,1996-07-10
2825,54,月结,1996-07-10
5602,19,交易之后马上,1996-07-10
1094,35,月结,1996-07-10
690,10,月结,1996-07-11
2945,6,月结,1996-07-11
573,1,周结,1996-07-11
2131,70,月结,1996-07-11
2821,54,月结,1996-07-12
2112,44,月结,1996-07-12
2506,22,交易之后马上,1996-07-12
1078,1,月结,1996-07-12
1895,35,月结,1996-07-12
2961,9,月结,1996-07-12
3426,9,周结,1996-07-13
3204,61,月结,1996-07-13
2887,76,月结,1996-07-13
2468,4,月结,1996-07-13
3350,74,月结,1996-07-13
858,52,月结,1996-07-13
2359,54,月结,1996-07-14
3726,54,月结,1996-07-14
584,31,月结,1996-07-14
392,1,月结,1996-07-14
869,16,月结,1996-07-15
526,67,月结,1996-07-16
571,72,月结,1996-07-16
3946,70,月结,1996-07-16
2573,4,月结,1996-07-16
593,48,月结,1996-07-16
4086,66,月结,1996-07-17
6461,50,月结,1996-07-17
110,36,月结,1996-07-17
9138,26,月结,1996-07-18
5837,5,月结,1996-07-18
971,12,月结,1996-07-18
81,74,月结,1996-07-18
4537,53,周结,1996-07-18
2266,50,月结,1996-07-19
137,70,月结,1996-07-19
3562,50,月结,1996-07-19
1893,48,月结,1996-07-20
2882,44,月结,1996-07-20
5250,8,周结,1996-07-20
7674,1,月结,1996-07-21
11123,39,月结,1996-07-21
1765,18,月结,1996-07-21
847,2,月结,1996-07-21
4618,3,月结,1996-07-21
3543,74,月结,1996-07-21
1471,1,月结,1996-07-21
3472,55,月结,1996-07-21
2407,1,月结,1996-07-21
378,68,月结,1996-07-22
1188,16,月结,1996-07-22
2652,1,月结,1996-07-22
3526,1,月结,1996-07-22
113,55,月结,1996-07-22
3733,33,月结,1996-07-22
683,74,月结,1996-07-22
3494,60,月结,1996-07-22
3518,9,月结,1996-07-22
4320,61,月结,1996-07-23
6495,6,月结,1996-07-23
3511,70,月结,1996-07-23
303,71,月结,1996-07-25
3932,74,月结,1996-07-25
2717,74,月结,1996-07-25
2983,42,月结,1996-07-25
1490,5,月结,1996-07-25
3443,45,月结,1996-07-26
11027,32,周结,1996-07-26
3491,51,月结,1996-07-27
6453,34,月结,1996-07-27
7907,70,月结,1996-07-27
2291,49,月结,1996-07-27
1900,27,月结,1996-07-27
4389,77,月结,1996-07-28
3192,18,月结,1996-07-28
836,46,月结,1996-07-28
3880,3,月结,1996-07-28
7424,68,月结,1996-07-28
1187,55,月结,1996-07-28
25,68,月结,1996-07-28
10954,25,月结,1996-07-29
1571,66,月结,1996-07-29
1160,39,周结,1996-07-29
1985,20,月结,1996-07-29
3359,8,月结,1996-07-30
9646,1,周结,1996-07-30
1906,1,月结,1996-08-01
194,44,月结,1996-08-01
371,12,月结,1996-08-02
9159,64,月结,1996-08-02
3040,17,月结,1996-08-03
4071,64,月结,1996-08-03
2278,1,月结,1996-08-03
2350,18,月结,1996-08-04
4438,48,月结,1996-08-04
2004,42,月结,1996-08-04
2101,9,月结,1996-08-04
3397,49,月结,1996-08-04
1267,43,月结,1996-08-05
2102,41,月结,1996-08-05
1654,30,月结,1996-08-05
2383,68,月结,1996-08-05
2134,52,月结,1996-08-06
1738,15,月结,1996-08-06
1576,35,周结,1996-08-06
3614,19,月结,1996-08-07
2066,25,月结,1996-08-07
2117,48,月结,1996-08-07
436,30,月结,1996-08-07
2329,1,月结,1996-08-07
4442,54,月结,1996-08-08
1325,26,月结,1996-08-08
715,32,月结,1996-08-08
9491,7,周结,1996-08-08
2917,68,月结,1996-08-08
503,1,月结,1996-08-08
2794,74,月结,1996-08-08
2191,1,月结,1996-08-08
2947,57,月结,1996-08-09
2086,70,周结,1996-08-09
3020,3,月结,1996-08-09
1211,49,月结,1996-08-09
2724,11,月结,1996-08-09
963,7,月结,1996-08-09
3749,68,月结,1996-08-10
1223,70,月结,1996-08-10
613,74,交易之后马上,1996-08-10
2149,7,月结,1996-08-11
416,6,月结,1996-08-11
1501,50,月结,1996-08-11
2114,30,月结,1996-08-11
176,71,周结,1996-08-12
3066,74,月结,1996-08-12
911,60,月结,1996-08-12
779,16,月结,1996-08-13
916,1,月结,1996-08-13
271,1,月结,1996-08-13
2439,74,月结,1996-08-13
2210,31,月结,1996-08-13
1885,47,月结,1996-08-13
447,5,月结,1996-08-14
3549,27,月结,1996-08-14
1563,47,月结,1996-08-14
753,31,月结,1996-08-14
2764,53,月结,1996-08-15
2973,23,月结,1996-08-15
2209,65,月结,1996-08-15
2013,54,月结,1996-08-15
1935,38,月结,1996-08-15
382,14,月结,1996-08-16
42,39,月结,1996-08-16
945,18,月结,1996-08-16
8038,47,月结,1996-08-17
967,15,月结,1996-08-17
3741,65,月结,1996-08-18
3311,8,月结,1996-08-18
656,3,月结,1996-08-18
1667,56,月结,1996-08-18
3789,6,月结,1996-08-18
7637,46,月结,1996-08-19
4010,30,月结,1996-08-19
4144,1,月结,1996-08-19
3347,4,月结,1996-08-19
2976,13,月结,1996-08-19
4480,58,月结,1996-08-19
4969,60,周结,1996-08-19
1274,54,周结,1996-08-19
7099,1,月结,1996-08-20
166,17,月结,1996-08-20
1367,74,月结,1996-08-20
2795,11,月结,1996-08-20
2034,54,月结,1996-08-21
2622,1,月结,1996-08-21
10562,51,月结,1996-08-21
1593,16,月结,1996-08-22
3004,11,月结,1996-08-22
617,74,月结,1996-08-23
2746,24,月结,1996-08-23
3427,36,月结,1996-08-23
58,29,月结,1996-08-23
918,60,月结,1996-08-23
324,1,月结,1996-08-23
9826,68,月结,1996-08-23
2094,73,月结,1996-08-23
20,74,月结,1996-08-24
2930,1,月结,1996-08-24
182,47,月结,1996-08-24
1517,5,月结,1996-08-24
4186,1,月结,1996-08-25
3467,17,月结,1996-08-25
1350,21,周结,1996-08-25
10220,44,月结,1996-08-26
2792,1,月结,1996-08-26
1504,1,月结,1996-08-26
3161,48,月结,1996-08-26
987,15,月结,1996-08-27
2360,26,月结,1996-08-27
399,1,月结,1996-08-27
637,49,月结,1996-08-27
3353,74,月结,1996-08-27
4588,12,月结,1996-08-27
10,54,月结,1996-08-28
2113,7,月结,1996-08-28
2677,5,月结,1996-08-28
6062,24,月结,1996-08-28
2065,61,月结,1996-08-28
1894,6,月结,1996-08-29
1117,68,月结,1996-08-29
833,31,月结,1996-08-29
3155,28,月结,1996-08-29
242,69,月结,1996-08-29
812,1,月结,1996-08-30
3774,72,月结,1996-08-30
3272,53,月结,1996-08-30
7990,9,月结,1996-08-30
7262,70,月结,1996-08-30
3504,70,月结,1996-08-30
2347,38,月结,1996-08-30
269,3,月结,1996-08-30
1258,3,月结,1996-09-01
3418,42,交易之后马上,1996-09-02
871,1,月结,1996-09-02
2953,1,月结,1996-09-02
3126,17,月结,1996-09-03
1293,40,月结,1996-09-03
406,63,月结,1996-09-03
4456,14,月结,1996-09-03
174,52,月结,1996-09-04
694,67,月结,1996-09-04
2885,1,月结,1996-09-04
2872,1,月结,1996-09-04
920,58,月结,1996-09-05
1525,57,月结,1996-09-05
1997,74,月结,1996-09-05
1679,68,月结,1996-09-05
7082,57,月结,1996-09-06
1910,60,月结,1996-09-06
5362,76,周结,1996-09-06
1408,10,月结,1996-09-07
125,2,交易之后马上,1996-09-07
2655,1,月结,1996-09-07
2314,2,月结,1996-09-07
297,74,月结,1996-09-08
2914,4,月结,1996-09-08
4405,41,月结,1996-09-08
2084,44,月结,1996-09-08
2045,34,月结,1996-09-09
2058,34,月结,1996-09-09
1190,52,月结,1996-09-09
1067,34,月结,1996-09-10
2629,66,月结,1996-09-10
1774,61,月结,1996-09-10
2156,1,月结,1996-09-11
2349,72,月结,1996-09-11
2614,44,月结,1996-09-11
339,46,周结,1996-09-11
2164,63,月结,1996-09-12
3508,42,月结,1996-09-12
164,60,月结,1996-09-13
1799,9,月结,1996-09-13
1600,1,月结,1996-09-13
3044,72,月结,1996-09-14
3499,51,月结,1996-09-14
1474,63,月结,1996-09-14
2026,64,月结,1996-09-14
1556,54,月结,1996-09-15
6075,19,月结,1996-09-15
1066,16,周结,1996-09-15
2275,1,月结,1996-09-16
5305,47,月结,1996-09-16
1329,53,月结,1996-09-16
3098,1,月结,1996-09-16
4349,74,月结,1996-09-16
2990,30,月结,1996-09-16
3800,30,月结,1996-09-16
3191,72,月结,1996-09-17
2076,18,月结,1996-09-17
1002,50,月结,1996-09-17
8381,14,月结,1996-09-17
1957,33,月结,1996-09-18
3569,1,月结,1996-09-18
10789,75,月结,1996-09-18
831,44,月结,1996-09-18
6083,6,周结,1996-09-19
1669,39,月结,1996-09-19
8268,59,月结,1996-09-19
1063,68,月结,1996-09-19
1532,54,月结,1996-09-19
3179,71,月结,1996-09-20
2906,49,月结,1996-09-20
1538,22,月结,1996-09-20
2640,1,月结,1996-09-21
2921,54,月结,1996-09-21
3431,64,月结,1996-09-21
3967,54,月结,1996-09-22
1173,11,月结,1996-09-22
7632,68,月结,1996-09-22
2339,63,月结,1996-09-22
1100,35,月结,1996-09-23
1484,70,月结,1996-09-23
2801,11,月结,1996-09-23
1113,8,月结,1996-09-23
770,7,月结,1996-09-24
2332,77,月结,1996-09-24
1463,32,月结,1996-09-25
3894,52,月结,1996-09-25
2091,1,月结,1996-09-25
1377,1,月结,1996-09-25
9241,74,月结,1996-09-25
1308,54,月结,1996-09-25
1370,52,月结,1996-09-25
3399,63,月结,1996-09-26
1374,53,月结,1996-09-26
2955,67,月结,1996-09-27
3446,6,交易之后马上,1996-09-27
3339,1,月结,1996-09-27
1631,10,月结,1996-09-27
2869,68,月结,1996-09-27
2083,1,月结,1996-09-28
1823,3,月结,1996-09-28
2561,59,月结,1996-09-29
972,46,月结,1996-09-29
698,71,月结,1996-09-29
2294,46,月结,1996-09-29
2373,14,月结,1996-09-29
241,15,月结,1996-09-29
2483,1,月结,1996-09-29
569,76,月结,1996-10-01
1500,43,月结,1996-10-01
3232,37,月结,1996-10-02
618,1,月结,1996-10-02
1502,1,月结,1996-10-02
10857,50,月结,1996-10-02
692,69,月结,1996-10-02
3843,62,月结,1996-10-02
3158,71,月结,1996-10-03
3071,41,月结,1996-10-03
1586,1,月结,1996-10-03
3913,23,月结,1996-10-04
822,40,月结,1996-10-04
1155,43,月结,1996-10-04
2807,42,月结,1996-10-04
1751,53,月结,1996-10-04
3904,18,月结,1996-10-05
2252,1,月结,1996-10-05
826,44,月结,1996-10-05
1008,13,月结,1996-10-05
1558,32,月结,1996-10-06
2465,57,月结,1996-10-06
814,76,月结,1996-10-06
325,75,月结,1996-10-06
261,54,月结,1996-10-07
2240,36,月结,1996-10-07
2657,55,月结,1996-10-07
7636,40,月结,1996-10-08
3175,50,月结,1996-10-08
1812,31,月结,1996-10-08
10607,52,月结,1996-10-08
2999,66,月结,1996-10-08
921,10,月结,1996-10-08
2934,1,月结,1996-10-08
3394,23,月结,1996-10-09
1777,60,月结,1996-10-10
1003,28,月结,1996-10-10
4090,72,月结,1996-10-11
3249,74,月结,1996-10-11
472,8,月结,1996-10-11
6950,36,月结,1996-10-12
3271,8,月结,1996-10-12
3329,3,月结,1996-10-12
9677,8,月结,1996-10-13
342,64,月结,1996-10-13
536,14,月结,1996-10-13
350,47,月结,1996-10-13
2475,17,月结,1996-10-13
10063,4,周结,1996-10-13
581,26,月结,1996-10-13
2988,66,交易之后马上,1996-10-14
3314,25,月结,1996-10-14
4949,33,月结,1996-10-14
713,58,月结,1996-10-15
11325,62,月结,1996-10-15
8628,2,交易之后马上,1996-10-15
4493,61,交易之后马上,1996-10-15
410,49,月结,1996-10-15
3776,1,月结,1996-10-16
1577,67,月结,1996-10-16
8784,1,月结,1996-10-16
1645,50,月结,1996-10-16
3454,32,月结,1996-10-17
2046,68,月结,1996-10-17
1492,24,月结,1996-10-17
3143,38,月结,1996-10-18
2709,2,月结,1996-10-18
1541,60,月结,1996-10-18
305,34,月结,1996-10-18
3690,67,交易之后马上,1996-10-18
3766,29,交易之后马上,1996-10-18
1745,53,月结,1996-10-19
1090,69,月结,1996-10-19
329,3,月结,1996-10-19
975,1,月结,1996-10-19
5317,28,月结,1996-10-20
6592,1,月结,1996-10-20
1060,6,月结,1996-10-20
473,73,月结,1996-10-20
1464,73,月结,1996-10-21
1819,55,周结,1996-10-21
2502,32,月结,1996-10-21
1888,6,月结,1996-10-21
6902,60,月结,1996-10-22
3877,59,月结,1996-10-22
2290,37,月结,1996-10-22
1330,68,月结,1996-10-22
9037,1,月结,1996-10-22
272,11,月结,1996-10-23
366,1,月结,1996-10-23
1226,1,月结,1996-10-23
2759,46,月结,1996-10-23
1176,19,月结,1996-10-24
1785,52,月结,1996-10-25
5912,45,月结,1996-10-25
199,70,月结,1996-10-26
778,68,月结,1996-10-26
3811,1,月结,1996-10-26
1855,34,月结,1996-10-27
224,15,月结,1996-10-27
281,1,月结,1996-10-27
9201,69,月结,1996-10-28
888,54,月结,1996-10-28
4715,8,月结,1996-10-28
3956,6,月结,1996-10-28
4375,39,月结,1996-10-28
2418,64,月结,1996-10-29
806,13,月结,1996-10-29
65,36,月结,1996-10-29
2279,2,周结,1996-10-30
1478,5,月结,1996-10-30
3228,29,月结,1996-10-30
221,19,月结,1996-10-30
3022,64,月结,1996-10-30
122,31,月结,1996-10-30
6265,5,月结,1996-11-01
1683,77,月结,1996-11-01
6440,1,月结,1996-11-01
926,36,月结,1996-11-01
2685,67,月结,1996-11-01
3557,72,月结,1996-11-02
1663,55,月结,1996-11-02
255,68,月结,1996-11-03
2193,44,月结,1996-11-03
9455,73,月结,1996-11-03
2130,46,月结,1996-11-04
714,23,月结,1996-11-04
3615,46,月结,1996-11-05
1324,42,月结,1996-11-05
431,18,月结,1996-11-05
11328,54,月结,1996-11-05
3626,51,月结,1996-11-05
1899,26,月结,1996-11-05
91,17,月结,1996-11-06
4753,1,月结,1996-11-07
9528,19,月结,1996-11-07
9333,36,月结,1996-11-08
2107,70,月结,1996-11-09
3224,55,月结,1996-11-10
829,59,月结,1996-11-10
511,14,月结,1996-11-10
3560,57,月结,1996-11-10
1555,34,月结,1996-11-10
2160,72,月结,1996-11-10
4383,73,月结,1996-11-10
2517,55,交易之后马上,1996-11-10
3819,69,月结,1996-11-11
6157,34,月结,1996-11-11
1326,52,月结,1996-11-11
4286,43,月结,1996-11-11
3498,31,月结,1996-11-12
2258,3,月结,1996-11-12
3177,74,月结,1996-11-12
1638,6,周结,1996-11-12
3589,5,月结,1996-11-13
2967,38,月结,1996-11-13
3437,1,月结,1996-11-13
4102,60,月结,1996-11-13
2032,36,月结,1996-11-14
570,3,月结,1996-11-14
993,6,月结,1996-11-14
3884,1,月结,1996-11-14
3765,32,月结,1996-11-14
2385,60,月结,1996-11-15
63,22,月结,1996-11-16
1991,1,月结,1996-11-16
3291,45,月结,1996-11-16
3376,58,月结,1996-11-17
1260,5,月结,1996-11-17
1021,42,月结,1996-11-17
48,21,月结,1996-11-17
4069,38,月结,1996-11-17
3564,14,月结,1996-11-17
1320,58,月结,1996-11-18
530,54,月结,1996-11-19
508,74,月结,1996-11-19
341,28,月结,1996-11-19
3256,40,月结,1996-11-19
4033,57,月结,1996-11-19
5878,76,月结,1996-11-19
77,63,月结,1996-11-19
1546,15,月结,1996-11-20
2826,35,月结,1996-11-20
797,57,月结,1996-11-20
513,58,月结,1996-11-21
1549,21,月结,1996-11-21
3093,16,月结,1996-11-21
10905,32,月结,1996-11-21
2234,3,月结,1996-11-21
2285,36,月结,1996-11-21
3809,1,月结,1996-11-21
3517,26,月结,1996-11-22
2264,41,月结,1996-11-22
8688,66,月结,1996-11-22
546,8,月结,1996-11-23
3862,1,月结,1996-11-23
2898,54,月结,1996-11-23
3282,1,月结,1996-11-24
330,42,月结,1996-11-24
1242,74,交易之后马上,1996-11-24
1393,1,月结,1996-11-24
2303,41,月结,1996-11-24
3708,64,月结,1996-11-24
209,37,月结,1996-11-24
8094,67,月结,1996-11-24
2601,70,月结,1996-11-24
7,60,月结,1996-11-24
1347,8,月结,1996-11-24
8523,54,月结,1996-11-25
2398,70,月结,1996-11-25
1712,44,月结,1996-11-25
1943,9,月结,1996-11-26
2090,40,月结,1996-11-26
2636,18,月结,1996-11-26
14,47,月结,1996-11-27
549,5,月结,1996-11-27
143,21,月结,1996-11-27
79,3,月结,1996-11-29
3799,74,月结,1996-11-29
1460,54,月结,1996-11-29
7745,2,月结,1996-11-29
1435,1,月结,1996-12-01
3507,9,月结,1996-12-01
712,72,月结,1996-12-01
10280,69,月结,1996-12-01
1754,52,月结,1996-12-01
805,10,月结,1996-12-02
3377,74,月结,1996-12-02
1296,50,月结,1996-12-02
2916,6,月结,1996-12-03
3018,34,月结,1996-12-03
249,28,月结,1996-12-03
3602,18,月结,1996-12-03
3856,45,月结,1996-12-03
2544,38,月结,1996-12-04
599,54,月结,1996-12-04
2590,47,月结,1996-12-04
2589,10,月结,1996-12-04
2545,1,月结,1996-12-04
1735,42,月结,1996-12-04
3312,30,月结,1996-12-04
2060,13,月结,1996-12-05
2115,8,月结,1996-12-05
24,74,月结,1996-12-05
1083,45,月结,1996-12-06
2286,70,月结,1996-12-06
7176,1,月结,1996-12-07
8225,50,月结,1996-12-07
664,1,月结,1996-12-08
5133,68,周结,1996-12-08
880,26,月结,1996-12-08
1482,38,月结,1996-12-08
3290,19,月结,1996-12-09
2963,31,月结,1996-12-09
1361,46,月结,1996-12-09
3430,9,月结,1996-12-10
11096,28,月结,1996-12-10
3090,1,月结,1996-12-10
5817,77,交易之后马上,1996-12-10
1587,1,月结,1996-12-11
905,35,月结,1996-12-11
980,1,月结,1996-12-11
1218,1,月结,1996-12-12
561,11,月结,1996-12-12
4631,77,交易之后马上,1996-12-12
1055,29,月结,1996-12-12
9153,9,月结,1996-12-12
1368,22,月结,1996-12-12
3452,63,月结,1996-12-13
3450,1,月结,1996-12-13
1557,66,月结,1996-12-13
1316,42,月结,1996-12-13
3893,42,月结,1996-12-13
2873,70,月结,1996-12-13
3962,54,月结,1996-12-13
2376,71,月结,1996-12-14
2995,51,月结,1996-12-14
3984,51,月结,1996-12-14
659,63,月结,1996-12-14
3137,39,月结,1996-12-15
505,64,月结,1996-12-16
1817,10,月结,1996-12-16
3125,37,月结,1996-12-16
2734,53,月结,1996-12-16
2386,12,月结,1996-12-17
3411,19,月结,1996-12-17
4794,72,月结,1996-12-18
2827,70,月结,1996-12-18
3024,1,月结,1996-12-18
1618,6,月结,1996-12-18
6510,74,月结,1996-12-18
7465,1,周结,1996-12-19
1362,1,月结,1996-12-19
3182,6,月结,1996-12-20
765,12,月结,1996-12-20
3412,31,月结,1996-12-20
2610,54,月结,1996-12-20
4454,63,月结,1996-12-21
595,20,月结,1996-12-21
1391,15,月结,1996-12-21
3438,35,月结,1996-12-21
1553,59,月结,1996-12-21
10645,2,月结,1996-12-21
2531,51,月结,1996-12-21
1081,64,月结,1996-12-21
2441,47,月结,1996-12-22
193,69,月结,1996-12-22
3390,12,周结,1996-12-22
3393,4,月结,1996-12-22
440,29,月结,1996-12-22
2356,34,周结,1996-12-23
333,73,月结,1996-12-23
1884,54,月结,1996-12-24
434,1,月结,1996-12-24
2875,19,月结,1996-12-24
2532,38,月结,1996-12-24
3029,42,月结,1996-12-24
2699,73,月结,1996-12-25
935,23,月结,1996-12-25
2777,62,月结,1996-12-25
1659,46,月结,1996-12-25
252,19,月结,1996-12-26
7045,51,月结,1996-12-26
3941,7,月结,1996-12-26
2761,1,月结,1996-12-26
7966,54,月结,1996-12-27
2408,26,月结,1996-12-27
592,23,月结,1996-12-27
1195,42,月结,1996-12-27
2261,1,周结,1996-12-27
8341,64,月结,1996-12-27
6706,38,月结,1996-12-28
2507,62,月结,1996-12-28
3387,25,周结,1996-12-28
3991,1,月结,1996-12-28
1056,1,周结,1996-12-28
2852,70,月结,1996-12-29
3043,1,月结,1996-12-29
10404,1,月结,1996-12-30
528,17,月结,1996-12-30
9424,54,月结,1996-12-30
3190,1,月结,1996-12-30
1390,69,月结,1996-12-30
1988,72,月结,1996-12-30
2362,16,月结,1996-12-30
2064,54,月结,1996-12-30
2689,70,月结,1997-01-01
9730,54,月结,1997-01-01
1387,67,月结,1997-01-01
2637,70,月结,1997-01-01
1221,45,月结,1997-01-02
1860,70,月结,1997-01-02
3540,18,月结,1997-01-03
263,64,周结,1997-01-03
4660,63,月结,1997-01-03
294,7,月结,1997-01-05
4354,38,月结,1997-01-08
3639,4,月结,1997-01-08
1677,69,月结,1997-01-08
2653,66,月结,1997-01-08
3870,38,月结,1997-01-08
17,1,月结,1997-01-08
537,34,月结,1997-01-08
10493,12,月结,1997-01-09
2964,72,月结,1997-01-09
752,23,月结,1997-01-10
6064,49,月结,1997-01-11
2981,46,月结,1997-01-11
3527,44,月结,1997-01-11
3005,42,交易之后马上,1997-01-11
11244,33,月结,1997-01-12
3470,8,月结,1997-01-12
3110,48,月结,1997-01-12
2300,36,月结,1997-01-13
10148,34,月结,1997-01-13
1707,75,月结,1997-01-13
512,68,月结,1997-01-14
9031,47,月结,1997-01-15
3375,9,月结,1997-01-15
2571,61,月结,1997-01-15
3304,36,月结,1997-01-16
3908,13,月结,1997-01-16
9549,4,月结,1997-01-17
4534,63,月结,1997-01-18
872,27,月结,1997-01-18
2854,1,月结,1997-01-18
2696,1,月结,1997-01-19
1214,39,月结,1997-01-19
1262,29,月结,1997-01-19
8320,51,月结,1997-01-19
3910,10,月结,1997-01-19
364,1,月结,1997-01-20
480,23,月结,1997-01-21
2535,61,月结,1997-01-21
9179,28,月结,1997-01-21
2299,1,月结,1997-01-21
6138,54,月结,1997-01-22
1840,21,月结,1997-01-22
3471,63,月结,1997-01-22
1651,34,月结,1997-01-23
320,47,月结,1997-01-23
3961,52,月结,1997-01-24
3379,63,月结,1997-01-24
4052,36,周结,1997-01-25
3964,25,月结,1997-01-25
3681,70,月结,1997-01-25
2229,1,月结,1997-01-27
8742,70,月结,1997-01-28
52,16,月结,1997-01-29
1853,7,月结,1997-01-29
3861,2,月结,1997-01-30
3067,46,月结,1997-01-30
3659,54,月结,1997-02-01
1356,39,月结,1997-02-01
1656,47,月结,1997-02-01
2103,48,月结,1997-02-01
1854,32,月结,1997-02-02
910,1,月结,1997-02-03
3794,20,月结,1997-02-03
3546,55,月结,1997-02-03
605,65,月结,1997-02-04
3990,77,月结,1997-02-04
2021,69,月结,1997-02-05
11231,1,月结,1997-02-05
4266,54,月结,1997-02-05
2455,30,月结,1997-02-06
3633,18,月结,1997-02-06
4026,58,月结,1997-02-06
3620,14,月结,1997-02-06
4550,56,月结,1997-02-06
1616,22,月结,1997-02-07
1498,62,周结,1997-02-07
598,1,月结,1997-02-08
2262,13,月结,1997-02-08
2126,1,月结,1997-02-09
1418,35,月结,1997-02-09
2537,27,月结,1997-02-09
159,70,月结,1997-02-11
11141,1,周结,1997-02-11
2477,11,月结,1997-02-11
1182,8,月结,1997-02-11
130,54,月结,1997-02-12
828,1,月结,1997-02-12
2042,31,月结,1997-02-12
4358,5,月结,1997-02-12
3565,30,月结,1997-02-12
796,1,月结,1997-02-13
2381,1,月结,1997-02-13
1430,26,月结,1997-02-13
2085,25,月结,1997-02-13
3059,1,月结,1997-02-15
3959,1,周结,1997-02-15
1068,52,月结,1997-02-15
10915,25,周结,1997-02-15
729,14,月结,1997-02-15
1141,28,月结,1997-02-16
1264,1,月结,1997-02-16
351,50,月结,1997-02-17
424,12,月结,1997-02-17
1037,1,月结,1997-02-18
2656,1,月结,1997-02-18
5445,72,月结,1997-02-19
3188,24,月结,1997-02-20
3236,52,月结,1997-02-20
2766,31,月结,1997-02-20
1447,65,月结,1997-02-20
3331,16,月结,1997-02-20
4268,77,月结,1997-02-20
1524,6,月结,1997-02-20
4746,54,月结,1997-02-21
3337,58,交易之后马上,1997-02-22
323,52,月结,1997-02-23
2016,1,月结,1997-02-23
226,70,月结,1997-02-23
5180,54,月结,1997-02-24
1619,38,月结,1997-02-24
2661,1,月结,1997-02-25
1818,54,月结,1997-02-25
2937,1,月结,1997-02-25
2194,54,月结,1997-02-25
1336,5,月结,1997-02-26
2325,55,月结,1997-02-26
292,49,月结,1997-02-26
2797,74,月结,1997-02-26
1736,74,月结,1997-02-26
2405,64,月结,1997-02-27
2415,16,月结,1997-02-27
3851,1,月结,1997-02-27
2782,1,月结,1997-02-27
195,70,月结,1997-02-27
2380,46,月结,1997-02-27
1928,70,月结,1997-03-02
3242,28,月结,1997-03-02
3541,70,月结,1997-03-02
3652,36,月结,1997-03-02
2024,20,月结,1997-03-02
919,62,月结,1997-03-03
1096,34,月结,1997-03-03
1215,65,月结,1997-03-04
6306,64,月结,1997-03-04
2089,29,周结,1997-03-05
850,25,月结,1997-03-07
1668,62,月结,1997-03-07
2224,46,交易之后马上,1997-03-08
3574,72,月结,1997-03-08
6061,1,月结,1997-03-08
2270,14,月结,1997-03-08
214,22,月结,1997-03-09
3031,51,月结,1997-03-10
1746,1,月结,1997-03-11
64,64,月结,1997-03-11
3842,1,月结,1997-03-12
3971,75,月结,1997-03-13
405,55,月结,1997-03-13
600,46,月结,1997-03-13
1740,57,月结,1997-03-13
2672,59,月结,1997-03-14
114,60,月结,1997-03-14
2760,10,月结,1997-03-14
2597,31,月结,1997-03-16
2908,61,月结,1997-03-16
191,41,月结,1997-03-17
2354,7,月结,1997-03-17
3782,9,周结,1997-03-17
3328,1,月结,1997-03-17
3083,66,月结,1997-03-18
1199,50,月结,1997-03-18
10652,1,月结,1997-03-18
2690,66,月结,1997-03-19
2495,70,月结,1997-03-19
8505,70,月结,1997-03-20
304,4,月结,1997-03-20
8926,1,月结,1997-03-21
578,28,周结,1997-03-21
1363,11,月结,1997-03-23
1165,44,月结,1997-03-23
85,68,月结,1997-03-23
749,38,月结,1997-03-23
8026,36,月结,1997-03-23
3332,17,月结,1997-03-25
3739,1,月结,1997-03-25
1907,1,月结,1997-03-25
1976,26,月结,1997-03-25
3658,24,月结,1997-03-25
3581,66,月结,1997-03-26
1466,69,周结,1997-03-26
3176,26,月结,1997-03-26
1459,12,月结,1997-03-26
1321,60,月结,1997-03-27
2966,33,月结,1997-03-27
157,11,月结,1997-03-28
2158,38,月结,1997-03-29
2843,30,月结,1997-03-29
3266,14,月结,1997-03-29
2048,76,月结,1997-03-30
442,54,月结,1997-03-30
3885,51,月结,1997-04-01
1863,62,月结,1997-04-01
9167,56,月结,1997-04-02
2874,32,月结,1997-04-02
3695,30,月结,1997-04-02
10068,1,月结,1997-04-02
2725,52,月结,1997-04-02
2899,40,月结,1997-04-03
144,10,周结,1997-04-03
1933,35,月结,1997-04-04
1034,73,月结,1997-04-04
49,1,月结,1997-04-06
1594,15,月结,1997-04-06
1138,41,月结,1997-04-07
3544,33,月结,1997-04-07
1636,53,月结,1997-04-08
10812,16,月结,1997-04-08
2165,51,月结,1997-04-08
3460,16,月结,1997-04-08
4208,1,月结,1997-04-08
2954,1,月结,1997-04-08
843,6,月结,1997-04-09
2901,1,月结,1997-04-09
1734,37,月结,1997-04-10
2466,39,月结,1997-04-11
476,69,月结,1997-04-11
1407,19,交易之后马上,1997-04-11
1598,15,月结,1997-04-12
2166,71,月结,1997-04-12
1259,72,月结,1997-04-12
927,69,月结,1997-04-12
2575,72,月结,1997-04-13
4467,17,周结,1997-04-13
1253,5,月结,1997-04-13
1281,8,月结,1997-04-14
1915,2,月结,1997-04-14
3716,1,月结,1997-04-14
1560,62,月结,1997-04-14
4725,73,月结,1997-04-14
1665,73,月结,1997-04-15
12,21,月结,1997-04-15
3398,43,月结,1997-04-15
4475,72,月结,1997-04-16
2586,57,月结,1997-04-16
189,76,月结,1997-04-16
3077,64,月结,1997-04-16
3634,21,月结,1997-04-16
3897,13,月结,1997-04-16
2055,37,月结,1997-04-17
3012,49,月结,1997-04-18
1035,73,月结,1997-04-18
1687,23,月结,1997-04-18
407,72,周结,1997-04-18
2744,70,周结,1997-04-19
3194,11,月结,1997-04-19
109,53,月结,1997-04-20
1198,70,月结,1997-04-20
3830,56,月结,1997-04-20
3692,70,月结,1997-04-21
3217,75,交易之后马上,1997-04-23
453,75,月结,1997-04-24
2539,24,月结,1997-04-24
794,63,月结,1997-04-24
636,75,月结,1997-04-24
309,14,月结,1997-04-25
873,73,月结,1997-04-26
589,1,月结,1997-04-26
9484,5,月结,1997-04-26
3052,44,月结,1997-04-26
10134,22,月结,1997-04-26
3846,61,月结,1997-04-27
912,65,月结,1997-04-27
2080,74,月结,1997-04-27
2857,19,月结,1997-04-28
647,1,月结,1997-04-28
2952,65,月结,1997-04-28
240,72,月结,1997-04-28
1693,1,交易之后马上,1997-04-29
2612,1,月结,1997-04-29
3104,1,月结,1997-04-29
1488,25,月结,1997-04-29
2451,54,月结,1997-04-29
10257,27,月结,1997-05-01
1024,19,月结,1997-05-02
2173,64,月结,1997-05-02
98,55,月结,1997-05-02
3119,33,月结,1997-05-02
1230,1,月结,1997-05-03
2594,19,交易之后马上,1997-05-03
3773,10,月结,1997-05-04
3635,10,月结,1997-05-04
293,1,月结,1997-05-04
1178,41,月结,1997-05-04
3988,23,月结,1997-05-04
2816,74,月结,1997-05-04
722,38,交易之后马上,1997-05-04
2184,6,月结,1997-05-07
10022,1,月结,1997-05-07
1385,53,月结,1997-05-08
3506,70,月结,1997-05-08
316,62,月结,1997-05-08
3711,3,月结,1997-05-08
1982,6,月结,1997-05-08
2071,35,月结,1997-05-08
2800,41,月结,1997-05-08
997,54,月结,1997-05-08
367,23,月结,1997-05-09
2141,21,月结,1997-05-09
2127,1,月结,1997-05-09
3214,67,月结,1997-05-10
250,56,月结,1997-05-10
3742,59,月结,1997-05-11
3577,74,月结,1997-05-11
2448,23,月结,1997-05-11
1130,1,月结,1997-05-11
2118,42,月结,1997-05-11
2005,16,月结,1997-05-11
475,3,月结,1997-05-11
6922,3,周结,1997-05-12
3122,74,月结,1997-05-12
282,69,月结,1997-05-12
3140,3,月结,1997-05-13
3790,1,周结,1997-05-13
5164,5,月结,1997-05-13
8149,64,交易之后马上,1997-05-14
2900,20,月结,1997-05-14
383,38,月结,1997-05-15
1953,9,周结,1997-05-15
3344,70,月结,1997-05-15
139,38,周结,1997-05-15
1808,28,月结,1997-05-16
3299,11,周结,1997-05-16
1697,63,月结,1997-05-17
2392,1,月结,1997-05-18
8713,53,月结,1997-05-18
3403,63,月结,1997-05-20
1424,32,月结,1997-05-20
2366,68,月结,1997-05-20
2668,21,月结,1997-05-20
2698,49,月结,1997-05-21
3872,25,月结,1997-05-21
10343,8,月结,1997-05-22
2743,51,月结,1997-05-22
834,3,月结,1997-05-23
1956,63,月结,1997-05-23
4729,66,月结,1997-05-23
760,1,月结,1997-05-24
2324,1,月结,1997-05-24
7559,56,月结,1997-05-24
9208,29,月结,1997-05-24
3163,41,月结,1997-05-24
3732,21,月结,1997-05-25
1710,74,月结,1997-05-25
868,1,月结,1997-05-26
534,1,月结,1997-05-26
3662,4,月结,1997-05-26
11053,46,月结,1997-05-27
3172,77,月结,1997-05-27
3905,54,交易之后马上,1997-05-28
464,43,月结,1997-05-28
1574,75,月结,1997-05-28
2891,42,月结,1997-05-28
2860,54,周结,1997-05-30
10679,1,月结,1997-05-30
5,15,月结,1997-05-30
4130,70,月结,1997-06-01
4527,9,月结,1997-06-01
3951,22,月结,1997-06-02
3700,1,月结,1997-06-03
2564,36,月结,1997-06-03
3202,8,月结,1997-06-04
879,9,月结,1997-06-04
2404,8,月结,1997-06-05
1537,54,月结,1997-06-06
3768,52,月结,1997-06-06
5944,27,月结,1997-06-06
9673,76,月结,1997-06-07
229,1,月结,1997-06-07
614,25,月结,1997-06-07
1724,48,月结,1997-06-07
1185,12,月结,1997-06-07
349,72,月结,1997-06-08
682,54,月结,1997-06-08
291,7,月结,1997-06-08
3211,72,月结,1997-06-09
3060,73,月结,1997-06-09
4471,4,周结,1997-06-09
2956,15,月结,1997-06-10
2019,64,月结,1997-06-11
1491,47,月结,1997-06-11
3496,42,月结,1997-06-11
1841,36,月结,1997-06-12
7180,7,周结,1997-06-12
5648,59,月结,1997-06-13
2509,43,月结,1997-06-13
2878,1,月结,1997-06-14
1015,1,月结,1997-06-14
1753,71,月结,1997-06-14
2372,1,月结,1997-06-15
6097,29,月结,1997-06-15
2720,2,周结,1997-06-16
2006,25,月结,1997-06-16
3953,1,月结,1997-06-16
2135,51,月结,1997-06-17
1551,72,月结,1997-06-18
1095,54,月结,1997-06-18
3703,74,月结,1997-06-18
3719,37,月结,1997-06-19
2057,1,月结,1997-06-20
2560,15,月结,1997-06-20
3986,19,月结,1997-06-20
4858,67,月结,1997-06-21
1354,31,月结,1997-06-21
3262,23,月结,1997-06-22
3100,65,月结,1997-06-22
1839,5,月结,1997-06-22
3996,1,月结,1997-06-22
622,24,月结,1997-06-22
2340,14,月结,1997-06-22
641,40,月结,1997-06-22
3461,8,月结,1997-06-23
672,53,月结,1997-06-23
8645,60,月结,1997-06-23
438,37,月结,1997-06-23
2443,46,月结,1997-06-25
4309,74,周结,1997-06-25
3075,71,月结,1997-06-25
2200,1,月结,1997-06-26
3245,45,月结,1997-06-26
2806,53,月结,1997-06-26
556,12,月结,1997-06-26
4301,1,月结,1997-06-26
4156,42,月结,1997-06-27
1921,42,月结,1997-06-27
2939,5,月结,1997-06-28
3665,28,月结,1997-06-28
3524,66,月结,1997-06-28
5196,13,周结,1997-06-29
2883,77,月结,1997-06-29
1346,74,月结,1997-07-01
1514,7,月结,1997-07-01
3154,1,月结,1997-07-02
2081,36,月结,1997-07-02
1255,68,月结,1997-07-02
2208,7,月结,1997-07-02
1284,55,月结,1997-07-02
8153,9,月结,1997-07-02
7721,13,月结,1997-07-03
3889,16,月结,1997-07-03
3085,66,月结,1997-07-03
768,26,月结,1997-07-03
8919,62,月结,1997-07-03
185,32,月结,1997-07-04
4150,65,月结,1997-07-05
10774,46,月结,1997-07-05
2728,52,周结,1997-07-06
1339,76,月结,1997-07-06
1929,1,月结,1997-07-06
3433,73,月结,1997-07-07
2337,65,月结,1997-07-07
3,5,月结,1997-07-07
2093,64,月结,1997-07-07
3906,52,月结,1997-07-08
3529,12,月结,1997-07-08
864,72,月结,1997-07-08
4336,2,月结,1997-07-08
1647,1,月结,1997-07-09
2169,57,月结,1997-07-09
258,64,月结,1997-07-09
1110,54,月结,1997-07-10
105,21,月结,1997-07-10
2992,43,月结,1997-07-11
11317,50,月结,1997-07-11
1681,68,月结,1997-07-11
3428,27,月结,1997-07-12
679,22,月结,1997-07-12
10644,16,月结,1997-07-12
2182,22,月结,1997-07-12
9560,1,月结,1997-07-13
3985,1,月结,1997-07-13
3833,77,月结,1997-07-13
705,35,月结,1997-07-14
2447,38,月结,1997-07-14
2452,1,月结,1997-07-14
469,72,月结,1997-07-14
483,70,月结,1997-07-15
2678,1,月结,1997-07-15
2183,54,月结,1997-07-17
7052,55,交易之后马上,1997-07-17
680,17,月结,1997-07-18
284,54,月结,1997-07-18
1027,68,月结,1997-07-18
1995,54,月结,1997-07-18
211,28,月结,1997-07-19
1432,27,月结,1997-07-19
2369,49,月结,1997-07-19
3867,1,月结,1997-07-19
1890,1,周结,1997-07-20
2204,9,月结,1997-07-20
970,18,月结,1997-07-20
5290,34,月结,1997-07-21
2316,1,月结,1997-07-21
611,46,月结,1997-07-21
1794,74,月结,1997-07-23
801,16,月结,1997-07-23
3057,9,月结,1997-07-23
2196,11,月结,1997-07-24
2646,6,月结,1997-07-24
2722,69,月结,1997-07-24
2679,67,月结,1997-07-24
2587,1,月结,1997-07-25
3346,1,月结,1997-07-25
1454,46,月结,1997-07-25
2197,46,月结,1997-07-26
1776,36,月结,1997-07-27
547,24,月结,1997-07-27
5758,44,月结,1997-07-28
3185,45,月结,1997-07-29
1950,70,月结,1997-08-01
811,14,周结,1997-08-01
3381,68,月结,1997-08-02
1522,48,月结,1997-08-02
41,72,月结,1997-08-02
4533,68,月结,1997-08-03
3343,1,月结,1997-08-03
3686,77,月结,1997-08-03
2927,37,月结,1997-08-04
4091,9,月结,1997-08-04
6602,74,月结,1997-08-04
2558,46,月结,1997-08-04
3208,29,月结,1997-08-04
1389,34,月结,1997-08-05
1033,32,月结,1997-08-05
2449,23,月结,1997-08-05
2000,5,月结,1997-08-06
3724,16,月结,1997-08-06
3281,1,月结,1997-08-06
326,61,月结,1997-08-06
307,26,月结,1997-08-07
1951,23,月结,1997-08-07
4445,47,月结,1997-08-07
2338,59,月结,1997-08-08
1319,56,交易之后马上,1997-08-08
311,50,月结,1997-08-08
3293,1,月结,1997-08-08
1648,40,月结,1997-08-08
38,19,周结,1997-08-08
1434,70,月结,1997-08-08
7437,19,周结,1997-08-08
4784,46,月结,1997-08-08
2644,1,月结,1997-08-08
785,21,周结,1997-08-09
2776,23,月结,1997-08-10
5572,15,月结,1997-08-11
3046,74,月结,1997-08-11
2138,75,月结,1997-08-11
1662,1,月结,1997-08-11
386,1,月结,1997-08-11
591,1,月结,1997-08-12
792,3,月结,1997-08-13
1043,1,月结,1997-08-13
9433,59,月结,1997-08-14
509,36,月结,1997-08-14
1747,30,月结,1997-08-14
2073,59,月结,1997-08-14
3097,66,月结,1997-08-14
3062,17,月结,1997-08-15
1355,1,月结,1997-08-16
1881,60,月结,1997-08-17
2595,1,月结,1997-08-17
13,76,月结,1997-08-17
996,47,月结,1997-08-18
37,20,月结,1997-08-18
2829,66,月结,1997-08-18
529,39,月结,1997-08-18
1857,37,月结,1997-08-18
9140,32,月结,1997-08-18
2485,41,月结,1997-08-18
2607,1,月结,1997-08-19
653,27,月结,1997-08-19
10799,76,月结,1997-08-19
1567,10,月结,1997-08-19
1845,47,月结,1997-08-20
1181,69,月结,1997-08-20
3070,56,月结,1997-08-21
645,70,月结,1997-08-21
1795,53,月结,1997-08-21
2442,14,月结,1997-08-21
2845,62,月结,1997-08-21
8639,46,月结,1997-08-22
4003,25,月结,1997-08-22
3537,45,月结,1997-08-22
2394,62,月结,1997-08-23
859,13,月结,1997-08-26
3798,15,月结,1997-08-27
2317,68,月结,1997-08-28
3828,44,月结,1997-08-28
2422,27,月结,1997-08-29
3556,58,月结,1997-08-29
1154,5,周结,1997-08-29
3901,12,月结,1997-08-30
3950,48,月结,1997-09-01
2142,42,月结,1997-09-01
2492,73,月结,1997-09-01
45,64,月结,1997-09-02
2172,1,月结,1997-09-02
909,30,月结,1997-09-02
10243,44,月结,1997-09-03
1026,20,月结,1997-09-03
3444,53,周结,1997-09-04
1764,68,月结,1997-09-04
4158,27,月结,1997-09-04
585,4,月结,1997-09-04
5698,1,月结,1997-09-04
178,59,月结,1997-09-06
2079,55,月结,1997-09-06
2480,35,月结,1997-09-07
2444,76,月结,1997-09-07
3516,36,周结,1997-09-07
1303,23,月结,1997-09-08
783,1,月结,1997-09-08
1729,53,月结,1997-09-08
1790,70,月结,1997-09-08
2351,74,月结,1997-09-08
2997,40,月结,1997-09-09
10650,76,月结,1997-09-09
2684,7,月结,1997-09-10
2459,55,月结,1997-09-10
1240,1,月结,1997-09-11
1783,70,月结,1997-09-11
7156,71,月结,1997-09-11
1085,42,月结,1997-09-11
677,70,月结,1997-09-13
6505,7,月结,1997-09-13
402,68,月结,1997-09-14
9156,18,月结,1997-09-14
3987,25,月结,1997-09-14
3852,20,月结,1997-09-14
384,24,周结,1997-09-14
1946,46,月结,1997-09-16
3603,3,月结,1997-09-17
1872,61,月结,1997-09-17
3671,21,月结,1997-09-17
735,70,月结,1997-09-17
3274,76,月结,1997-09-17
5870,75,月结,1997-09-17
5283,15,月结,1997-09-18
1438,23,周结,1997-09-18
328,1,月结,1997-09-18
118,68,月结,1997-09-18
387,72,月结,1997-09-19
3300,71,月结,1997-09-19
3657,62,月结,1997-09-19
823,71,月结,1997-09-19
1876,1,月结,1997-09-20
2765,69,月结,1997-09-20
3463,38,月结,1997-09-21
3103,1,交易之后马上,1997-09-21
1101,4,月结,1997-09-22
179,1,周结,1997-09-22
3610,1,月结,1997-09-22
1814,17,月结,1997-09-23
1718,71,月结,1997-09-23
16,12,月结,1997-09-23
4616,1,月结,1997-09-24
3757,64,月结,1997-09-24
2942,44,月结,1997-09-24
89,68,月结,1997-09-25
3106,12,周结,1997-09-26
2312,65,月结,1997-09-26
177,1,月结,1997-09-26
4128,64,月结,1997-09-26
2846,1,月结,1997-09-27
1443,54,月结,1997-09-27
1992,48,月结,1997-09-27
755,38,月结,1997-09-27
7274,11,月结,1997-09-28
3383,29,月结,1997-09-28
2461,1,月结,1997-09-28
3916,8,月结,1997-09-28
2745,60,月结,1997-09-28
10152,34,月结,1997-09-28
2007,45,月结,1997-09-29
1064,70,月结,1997-09-29
2370,51,月结,1997-10-01
1379,47,月结,1997-10-01
1313,45,月结,1997-10-01
129,74,月结,1997-10-01
6866,14,月结,1997-10-02
4132,36,月结,1997-10-02
2136,75,月结,1997-10-02
2036,70,月结,1997-10-03
3401,38,周结,1997-10-04
1596,70,月结,1997-10-05
4116,6,月结,1997-10-05
3342,59,月结,1997-10-06
2715,42,月结,1997-10-06
4143,55,月结,1997-10-07
2133,11,月结,1997-10-07
2069,72,月结,1997-10-08
205,1,月结,1997-10-08
1150,29,月结,1997-10-08
1608,26,月结,1997-10-08
1494,1,月结,1997-10-08
2272,48,月结,1997-10-08
2634,45,月结,1997-10-08
745,43,月结,1997-10-09
3813,1,月结,1997-10-09
1342,9,月结,1997-10-09
121,55,月结,1997-10-11
1727,9,月结,1997-10-11
2097,46,月结,1997-10-11
133,64,周结,1997-10-11
2897,51,月结,1997-10-11
5708,64,周结,1997-10-12
7049,69,月结,1997-10-12
1279,28,月结,1997-10-13
502,1,月结,1997-10-13
1506,51,月结,1997-10-13
2231,2,月结,1997-10-14
966,15,月结,1997-10-14
1968,16,周结,1997-10-14
2879,15,月结,1997-10-14
3023,35,月结,1997-10-14
3561,33,月结,1997-10-15
1807,21,月结,1997-10-15
11327,7,月结,1997-10-15
2053,5,月结,1997-10-16
550,24,月结,1997-10-17
3324,3,月结,1997-10-17
1061,44,月结,1997-10-17
2215,48,月结,1997-10-17
961,1,月结,1997-10-18
2579,24,月结,1997-10-18
3919,34,月结,1997-10-18
3875,44,月结,1997-10-18
2311,28,月结,1997-10-19
2556,46,月结,1997-10-19
1615,1,月结,1997-10-20
2910,68,月结,1997-10-21
2756,24,月结,1997-10-21
1572,72,月结,1997-10-21
3857,54,月结,1997-10-22
156,64,月结,1997-10-22
3922,68,月结,1997-10-22
1209,23,月结,1997-10-23
2371,15,周结,1997-10-23
852,57,月结,1997-10-23
2152,22,月结,1997-10-23
398,69,月结,1997-10-24
2174,18,月结,1997-10-24
3705,20,月结,1997-10-24
1172,6,月结,1997-10-25
876,4,月结,1997-10-26
2413,33,月结,1997-10-27
3963,9,月结,1997-10-27
643,64,月结,1997-10-28
1340,52,月结,1997-10-28
2703,61,月结,1997-10-28
671,60,月结,1997-10-29
782,42,月结,1997-10-30
2784,40,月结,1997-10-30
1703,72,月结,1997-11-02
3598,76,月结,1997-11-02
639,1,月结,1997-11-03
3325,11,月结,1997-11-03
10613,55,月结,1997-11-04
606,75,月结,1997-11-04
9227,51,月结,1997-11-04
1723,70,月结,1997-11-04
3404,33,月结,1997-11-04
1657,12,月结,1997-11-04
3395,16,月结,1997-11-05
2296,29,月结,1997-11-05
644,4,月结,1997-11-06
2402,18,月结,1997-11-06
2391,2,月结,1997-11-07
1140,49,月结,1997-11-07
952,41,月结,1997-11-09
696,54,月结,1997-11-09
2998,21,月结,1997-11-09
867,60,月结,1997-11-09
1208,4,月结,1997-11-09
3423,11,月结,1997-11-10
2831,1,月结,1997-11-10
2211,61,交易之后马上,1997-11-10
3360,71,月结,1997-11-10
1245,68,月结,1997-11-12
1348,55,月结,1997-11-12
2920,73,月结,1997-11-13
566,8,月结,1997-11-13
2658,27,月结,1997-11-14
2721,74,月结,1997-11-14
1833,54,月结,1997-11-15
2221,58,月结,1997-11-15
149,43,月结,1997-11-16
3082,33,月结,1997-11-16
3156,1,交易之后马上,1997-11-16
2438,71,月结,1997-11-16
2693,17,月结,1997-11-17
1866,4,月结,1997-11-17
3365,11,月结,1997-11-18
3382,23,周结,1997-11-20
2125,43,周结,1997-11-20
3396,1,月结,1997-11-20
3105,37,月结,1997-11-21
2162,50,月结,1997-11-21
1125,1,周结,1997-11-21
2979,10,月结,1997-11-22
2850,57,月结,1997-11-22
2832,12,月结,1997-11-22
3102,33,月结,1997-11-23
295,66,月结,1997-11-23
1523,52,交易之后马上,1997-11-24
215,31,月结,1997-11-25
421,75,月结,1997-11-27
3715,74,月结,1997-11-27
934,9,月结,1997-11-27
3333,44,月结,1997-11-27
1798,46,月结,1997-11-28
10005,64,月结,1997-11-29
4386,51,周结,1997-11-29
1868,16,周结,1997-11-29
232,45,月结,1997-11-29
298,35,月结,1997-12-02
1717,67,月结,1997-12-02
1960,31,月结,1997-12-04
1049,18,月结,1997-12-04
2918,15,交易之后马上,1997-12-05
4140,28,月结,1997-12-05
21,54,月结,1997-12-06
1650,39,月结,1997-12-06
800,11,月结,1997-12-06
3415,75,月结,1997-12-06
3722,76,月结,1997-12-07
736,75,月结,1997-12-07
2787,1,月结,1997-12-07
673,31,月结,1997-12-08
3406,53,月结,1997-12-08
2796,5,周结,1997-12-08
2775,30,月结,1997-12-08
276,38,月结,1997-12-08
315,45,月结,1997-12-08
1072,65,月结,1997-12-09
1156,59,月结,1997-12-09
3836,68,月结,1997-12-09
3013,73,月结,1997-12-09
3033,69,月结,1997-12-10
3174,65,月结,1997-12-10
134,34,月结,1997-12-10
1229,46,月结,1997-12-10
3209,45,月结,1997-12-10
2820,36,月结,1997-12-11
938,70,月结,1997-12-13
3501,36,月结,1997-12-13
3616,50,月结,1997-12-15
3911,32,月结,1997-12-16
3992,43,月结,1997-12-16
579,1,月结,1997-12-16
2892,64,月结,1997-12-16
1186,64,月结,1997-12-17
2440,19,月结,1997-12-18
2791,25,月结,1997-12-19
3169,19,月结,1997-12-19
2049,67,月结,1997-12-19
758,51,月结,1997-12-19
1177,27,月结,1997-12-20
246,65,月结,1997-12-20
1171,18,月结,1997-12-20
3187,59,月结,1997-12-20
3385,1,月结,1997-12-21
703,54,月结,1997-12-21
1318,56,月结,1997-12-22
889,43,月结,1997-12-22
4332,74,月结,1997-12-23
564,5,月结,1997-12-23
3934,6,月结,1997-12-23
1983,54,月结,1997-12-25
727,35,月结,1997-12-25
3048,74,周结,1997-12-26
3025,25,月结,1997-12-27
906,59,月结,1997-12-27
845,14,月结,1997-12-27
124,55,月结,1997-12-28
3958,59,月结,1997-12-28
777,30,月结,1997-12-28
1573,63,月结,1997-12-29
3276,1,月结,1997-12-29
