disp_id,client_id,account_id,type
1,1,1,所有者
2,2,2,所有者
3,3,2,用户
4,4,3,所有者
5,5,3,用户
6,6,4,所有者
7,7,5,所有者
8,8,6,所有者
9,9,7,所有者
10,10,8,所有者
11,11,8,用户
12,12,9,所有者
13,13,10,所有者
14,14,11,所有者
15,15,12,所有者
16,16,12,用户
17,17,13,所有者
18,18,13,用户
19,19,14,所有者
20,20,15,所有者
21,21,16,所有者
22,22,17,所有者
23,23,17,用户
24,24,18,所有者
25,25,19,所有者
26,26,20,所有者
27,27,21,所有者
28,28,22,所有者
29,29,23,所有者
30,30,24,所有者
31,31,25,所有者
32,32,26,所有者
33,33,27,所有者
36,36,29,所有者
37,37,29,用户
38,38,30,所有者
39,39,31,所有者
40,40,32,所有者
41,41,33,所有者
42,42,34,所有者
43,43,35,所有者
44,44,36,所有者
45,45,37,所有者
46,46,38,所有者
47,47,39,所有者
48,48,40,所有者
49,49,41,所有者
50,50,42,所有者
51,51,43,所有者
52,52,44,所有者
53,53,45,所有者
55,55,47,所有者
56,56,48,所有者
57,57,48,用户
58,58,49,所有者
59,59,50,所有者
60,60,51,所有者
61,61,52,所有者
62,62,53,所有者
63,63,54,所有者
64,64,55,所有者
65,65,56,所有者
66,66,57,所有者
67,67,58,所有者
68,68,59,所有者
70,70,61,所有者
71,71,61,用户
72,72,62,所有者
73,73,63,所有者
74,74,63,用户
75,75,64,所有者
76,76,65,所有者
77,77,66,所有者
78,78,67,所有者
79,79,68,所有者
80,80,69,所有者
81,81,70,所有者
82,82,70,用户
83,83,71,所有者
84,84,71,用户
85,85,72,所有者
86,86,72,用户
87,87,73,所有者
89,89,75,所有者
90,90,76,所有者
91,91,77,所有者
92,92,78,所有者
93,93,79,所有者
94,94,80,所有者
95,95,80,用户
96,96,81,所有者
97,97,82,所有者
98,98,83,所有者
99,99,83,用户
100,100,84,所有者
101,101,85,所有者
102,102,86,所有者
103,103,86,用户
105,105,88,所有者
106,106,89,所有者
107,107,90,所有者
108,108,91,所有者
110,110,93,所有者
112,112,95,所有者
113,113,95,用户
114,114,96,所有者
115,115,96,用户
116,116,97,所有者
117,117,97,用户
118,118,98,所有者
119,119,98,用户
120,120,99,所有者
121,121,100,所有者
122,122,101,所有者
123,123,102,所有者
124,124,103,所有者
125,125,104,所有者
126,126,104,用户
127,127,105,所有者
128,128,106,所有者
129,129,107,所有者
130,130,108,所有者
131,131,109,所有者
132,132,110,所有者
134,134,112,所有者
135,135,112,用户
136,136,113,所有者
137,137,114,所有者
138,138,115,所有者
139,139,116,所有者
140,140,116,用户
141,141,117,所有者
142,142,118,所有者
143,143,119,所有者
144,144,120,所有者
145,145,121,所有者
146,146,122,所有者
147,147,123,所有者
148,148,123,用户
149,149,124,所有者
150,150,125,所有者
151,151,126,所有者
152,152,127,所有者
153,153,128,所有者
154,154,129,所有者
155,155,129,用户
156,156,130,所有者
157,157,131,所有者
158,158,132,所有者
159,159,132,用户
160,160,133,所有者
161,161,134,所有者
162,162,135,所有者
163,163,136,所有者
164,164,137,所有者
165,165,138,所有者
166,166,138,用户
167,167,139,所有者
168,168,140,所有者
169,169,141,所有者
170,170,141,用户
171,171,142,所有者
172,172,142,用户
173,173,143,所有者
174,174,144,所有者
175,175,145,所有者
176,176,146,所有者
178,178,148,所有者
179,179,149,所有者
180,180,150,所有者
181,181,151,所有者
182,182,151,用户
183,183,152,所有者
184,184,152,用户
185,185,153,所有者
186,186,154,所有者
187,187,155,所有者
188,188,156,所有者
189,189,157,所有者
190,190,158,所有者
191,191,158,用户
192,192,159,所有者
193,193,160,所有者
194,194,161,所有者
195,195,162,所有者
196,196,162,用户
197,197,163,所有者
198,198,164,所有者
199,199,165,所有者
200,200,165,用户
201,201,166,所有者
202,202,167,所有者
203,203,168,所有者
204,204,168,用户
205,205,169,所有者
206,206,170,所有者
207,207,171,所有者
208,208,172,所有者
209,209,172,用户
210,210,173,所有者
211,211,173,用户
212,212,174,所有者
215,215,176,所有者
216,216,177,所有者
217,217,178,所有者
218,218,179,所有者
219,219,180,所有者
221,221,181,所有者
222,222,182,所有者
223,223,183,所有者
224,224,184,所有者
225,225,185,所有者
226,226,186,所有者
227,227,187,所有者
228,228,188,所有者
229,229,189,所有者
230,230,190,所有者
231,231,191,所有者
232,232,192,所有者
233,233,193,所有者
234,234,193,用户
235,235,194,所有者
236,236,195,所有者
237,237,195,用户
238,238,196,所有者
239,239,197,所有者
240,240,198,所有者
241,241,199,所有者
242,242,200,所有者
243,243,201,所有者
246,246,204,所有者
247,247,205,所有者
248,248,206,所有者
249,249,206,用户
250,250,207,所有者
251,251,208,所有者
252,252,209,所有者
253,253,210,所有者
254,254,211,所有者
255,255,212,所有者
256,256,213,所有者
257,257,214,所有者
258,258,214,用户
259,259,215,所有者
260,260,215,用户
261,261,216,所有者
262,262,217,所有者
263,263,218,所有者
264,264,219,所有者
265,265,220,所有者
266,266,221,所有者
267,267,222,所有者
268,268,223,所有者
269,269,224,所有者
270,270,225,所有者
271,271,225,用户
272,272,226,所有者
273,273,227,所有者
274,274,228,所有者
275,275,229,所有者
276,276,230,所有者
277,277,230,用户
278,278,231,所有者
279,279,231,用户
280,280,232,所有者
282,282,234,所有者
283,283,234,用户
284,284,235,所有者
285,285,236,所有者
286,286,236,用户
287,287,237,所有者
288,288,238,所有者
289,289,239,所有者
290,290,240,所有者
291,291,240,用户
292,292,241,所有者
293,293,242,所有者
294,294,243,所有者
295,295,244,所有者
296,296,245,所有者
297,297,246,所有者
298,298,246,用户
300,300,248,所有者
301,301,249,所有者
302,302,250,所有者
303,303,251,所有者
304,304,252,所有者
305,305,253,所有者
308,308,255,所有者
309,309,256,所有者
310,310,257,所有者
311,311,258,所有者
312,312,259,所有者
313,313,260,所有者
314,314,260,用户
315,315,261,所有者
316,316,262,所有者
317,317,263,所有者
318,318,264,所有者
319,319,265,所有者
320,320,265,用户
321,321,266,所有者
322,322,267,所有者
323,323,267,用户
324,324,268,所有者
325,325,269,所有者
326,326,270,所有者
327,327,270,用户
328,328,271,所有者
329,329,272,所有者
330,330,273,所有者
331,331,274,所有者
332,332,275,所有者
333,333,276,所有者
334,334,277,所有者
335,335,278,所有者
336,336,279,所有者
337,337,279,用户
338,338,280,所有者
339,339,281,所有者
340,340,281,用户
341,341,282,所有者
342,342,282,用户
343,343,283,所有者
344,344,284,所有者
345,345,285,所有者
346,346,285,用户
347,347,286,所有者
348,348,286,用户
349,349,287,所有者
350,350,288,所有者
351,351,289,所有者
352,352,290,所有者
353,353,291,所有者
354,354,292,所有者
355,355,292,用户
356,356,293,所有者
357,357,293,用户
358,358,294,所有者
359,359,295,所有者
360,360,296,所有者
361,361,297,所有者
362,362,298,所有者
363,363,298,用户
364,364,299,所有者
365,365,300,所有者
366,366,300,用户
367,367,301,所有者
368,368,301,用户
369,369,302,所有者
370,370,303,所有者
371,371,304,所有者
372,372,305,所有者
373,373,306,所有者
374,374,307,所有者
375,375,308,所有者
376,376,309,所有者
378,378,311,所有者
379,379,311,用户
380,380,312,所有者
381,381,313,所有者
382,382,313,用户
383,383,314,所有者
384,384,314,用户
385,385,315,所有者
386,386,316,所有者
387,387,317,所有者
388,388,318,所有者
389,389,319,所有者
390,390,320,所有者
391,391,321,所有者
392,392,322,所有者
393,393,322,用户
394,394,323,所有者
395,395,323,用户
396,396,324,所有者
397,397,325,所有者
398,398,326,所有者
399,399,327,所有者
400,400,328,所有者
401,401,328,用户
402,402,329,所有者
403,403,330,所有者
404,404,330,用户
405,405,331,所有者
406,406,332,所有者
407,407,333,所有者
408,408,334,所有者
409,409,335,所有者
410,410,336,所有者
411,411,337,所有者
412,412,337,用户
413,413,338,所有者
414,414,339,所有者
415,415,339,用户
416,416,340,所有者
417,417,340,用户
418,418,341,所有者
419,419,342,所有者
420,420,343,所有者
421,421,344,所有者
422,422,345,所有者
423,423,346,所有者
424,424,347,所有者
425,425,348,所有者
426,426,349,所有者
427,427,349,用户
428,428,350,所有者
429,429,351,所有者
430,430,352,所有者
431,431,353,所有者
432,432,354,所有者
433,433,355,所有者
434,434,356,所有者
435,435,357,所有者
436,436,358,所有者
437,437,359,所有者
438,438,360,所有者
439,439,361,所有者
440,440,362,所有者
441,441,363,所有者
442,442,364,所有者
443,443,364,用户
444,444,365,所有者
445,445,366,所有者
446,446,366,用户
447,447,367,所有者
448,448,368,所有者
450,450,370,所有者
451,451,371,所有者
452,452,372,所有者
453,453,373,所有者
454,454,374,所有者
455,455,375,所有者
456,456,376,所有者
457,457,377,所有者
458,458,378,所有者
459,459,379,所有者
461,461,381,所有者
462,462,382,所有者
463,463,383,所有者
464,464,384,所有者
465,465,385,所有者
466,466,386,所有者
467,467,386,用户
468,468,387,所有者
469,469,388,所有者
470,470,389,所有者
471,471,390,所有者
472,472,391,所有者
473,473,392,所有者
474,474,393,所有者
476,476,395,所有者
477,477,395,用户
478,478,396,所有者
479,479,397,所有者
480,480,397,用户
481,481,398,所有者
482,482,398,用户
483,483,399,所有者
484,484,400,所有者
485,485,401,所有者
486,486,402,所有者
487,487,403,所有者
488,488,403,用户
489,489,404,所有者
490,490,405,所有者
491,491,406,所有者
492,492,407,所有者
493,493,408,所有者
494,494,409,所有者
495,495,410,所有者
496,496,411,所有者
497,497,412,所有者
498,498,412,用户
499,499,413,所有者
500,500,414,所有者
501,501,415,所有者
502,502,416,所有者
503,503,417,所有者
504,504,418,所有者
505,505,419,所有者
506,506,420,所有者
507,507,421,所有者
508,508,422,所有者
509,509,423,所有者
510,510,424,所有者
511,511,425,所有者
512,512,426,所有者
513,513,427,所有者
514,514,427,用户
515,515,428,所有者
516,516,428,用户
517,517,429,所有者
518,518,430,所有者
519,519,431,所有者
520,520,432,所有者
521,521,433,所有者
522,522,434,所有者
523,523,435,所有者
524,524,436,所有者
525,525,436,用户
526,526,437,所有者
527,527,437,用户
528,528,438,所有者
529,529,439,所有者
530,530,440,所有者
531,531,441,所有者
532,532,441,用户
533,533,442,所有者
534,534,443,所有者
535,535,444,所有者
536,536,445,所有者
537,537,446,所有者
538,538,447,所有者
540,540,449,所有者
541,541,449,用户
542,542,450,所有者
543,543,451,所有者
544,544,452,所有者
545,545,453,所有者
546,546,454,所有者
547,547,455,所有者
548,548,456,所有者
550,550,458,所有者
551,551,459,所有者
552,552,460,所有者
553,553,460,用户
554,554,461,所有者
555,555,461,用户
556,556,462,所有者
557,557,463,所有者
558,558,464,所有者
559,559,465,所有者
560,560,466,所有者
561,561,467,所有者
562,562,468,所有者
563,563,469,所有者
564,564,469,用户
565,565,470,所有者
566,566,471,所有者
567,567,471,用户
568,568,472,所有者
569,569,473,所有者
570,570,474,所有者
571,571,475,所有者
572,572,475,用户
573,573,476,所有者
574,574,477,所有者
575,575,478,所有者
576,576,478,用户
577,577,479,所有者
578,578,480,所有者
579,579,481,所有者
581,581,483,所有者
582,582,484,所有者
583,583,485,所有者
584,584,486,所有者
585,585,487,所有者
586,586,487,用户
587,587,488,所有者
588,588,489,所有者
589,589,490,所有者
590,590,491,所有者
591,591,492,所有者
592,592,493,所有者
593,593,494,所有者
596,596,496,所有者
597,597,497,所有者
598,598,498,所有者
599,599,498,用户
601,601,500,所有者
602,602,500,用户
603,603,501,所有者
604,604,502,所有者
605,605,503,所有者
606,606,504,所有者
607,607,505,所有者
608,608,506,所有者
609,609,507,所有者
610,610,508,所有者
611,611,509,所有者
612,612,509,用户
613,613,510,所有者
614,614,511,所有者
615,615,512,所有者
616,616,513,所有者
617,617,514,所有者
618,618,515,所有者
619,619,516,所有者
620,620,516,用户
621,621,517,所有者
622,622,518,所有者
623,623,519,所有者
624,624,519,用户
625,625,520,所有者
626,626,521,所有者
627,627,522,所有者
628,628,522,用户
629,629,523,所有者
630,630,524,所有者
631,631,525,所有者
632,632,526,所有者
633,633,526,用户
635,635,528,所有者
636,636,528,用户
637,637,529,所有者
638,638,530,所有者
639,639,531,所有者
640,640,532,所有者
641,641,533,所有者
642,642,533,用户
643,643,534,所有者
644,644,535,所有者
645,645,536,所有者
646,646,537,所有者
647,647,537,用户
648,648,538,所有者
649,649,539,所有者
651,651,540,所有者
652,652,541,所有者
653,653,542,所有者
654,654,543,所有者
655,655,544,所有者
656,656,545,所有者
657,657,546,所有者
658,658,546,用户
659,659,547,所有者
660,660,548,所有者
661,661,548,用户
662,662,549,所有者
663,663,550,所有者
664,664,551,所有者
665,665,552,所有者
666,666,553,所有者
667,667,554,所有者
668,668,555,所有者
669,669,556,所有者
670,670,557,所有者
671,671,558,所有者
672,672,559,所有者
673,673,560,所有者
674,674,561,所有者
675,675,562,所有者
676,676,563,所有者
677,677,564,所有者
678,678,565,所有者
679,679,566,所有者
680,680,566,用户
681,681,567,所有者
682,682,568,所有者
683,683,569,所有者
684,684,570,所有者
685,685,571,所有者
686,686,572,所有者
687,687,572,用户
688,688,573,所有者
689,689,574,所有者
690,690,575,所有者
691,691,575,用户
692,692,576,所有者
693,693,576,用户
694,694,577,所有者
695,695,578,所有者
696,696,578,用户
697,697,579,所有者
698,698,580,所有者
699,699,581,所有者
700,700,582,所有者
702,702,584,所有者
703,703,585,所有者
704,704,586,所有者
705,705,587,所有者
706,706,588,所有者
707,707,589,所有者
708,708,590,所有者
709,709,591,所有者
710,710,592,所有者
711,711,593,所有者
712,712,594,所有者
713,713,595,所有者
714,714,596,所有者
715,715,597,所有者
716,716,598,所有者
717,717,599,所有者
718,718,599,用户
719,719,600,所有者
720,720,601,所有者
721,721,602,所有者
722,722,603,所有者
723,723,604,所有者
724,724,605,所有者
725,725,606,所有者
726,726,607,所有者
727,727,608,所有者
728,728,608,用户
729,729,609,所有者
730,730,609,用户
731,731,610,所有者
732,732,610,用户
733,733,611,所有者
734,734,611,用户
735,735,612,所有者
736,736,612,用户
737,737,613,所有者
738,738,614,所有者
739,739,615,所有者
740,740,616,所有者
741,741,617,所有者
742,742,618,所有者
743,743,619,所有者
744,744,620,所有者
745,745,621,所有者
746,746,621,用户
747,747,622,所有者
748,748,623,所有者
749,749,623,用户
750,750,624,所有者
751,751,625,所有者
752,752,626,所有者
753,753,626,用户
754,754,627,所有者
755,755,628,所有者
756,756,629,所有者
757,757,630,所有者
758,758,631,所有者
759,759,632,所有者
760,760,633,所有者
762,762,635,所有者
763,763,636,所有者
764,764,637,所有者
765,765,638,所有者
766,766,639,所有者
767,767,639,用户
768,768,640,所有者
769,769,641,所有者
772,772,643,所有者
773,773,644,所有者
774,774,645,所有者
775,775,646,所有者
776,776,647,所有者
777,777,647,用户
778,778,648,所有者
779,779,649,所有者
780,780,650,所有者
781,781,651,所有者
782,782,652,所有者
783,783,653,所有者
784,784,653,用户
785,785,654,所有者
786,786,655,所有者
787,787,656,所有者
788,788,657,所有者
789,789,658,所有者
790,790,659,所有者
791,791,660,所有者
793,793,662,所有者
794,794,662,用户
796,796,664,所有者
797,797,665,所有者
798,798,666,所有者
799,799,666,用户
803,803,669,所有者
804,804,669,用户
806,806,671,所有者
807,807,672,所有者
808,808,673,所有者
809,809,674,所有者
810,810,675,所有者
811,811,675,用户
812,812,676,所有者
813,813,677,所有者
814,814,678,所有者
815,815,679,所有者
816,816,680,所有者
818,818,682,所有者
819,819,683,所有者
820,820,683,用户
821,821,684,所有者
822,822,685,所有者
823,823,686,所有者
824,824,687,所有者
825,825,688,所有者
826,826,689,所有者
827,827,690,所有者
828,828,690,用户
829,829,691,所有者
830,830,692,所有者
831,831,693,所有者
832,832,694,所有者
833,833,695,所有者
834,834,696,所有者
835,835,697,所有者
836,836,697,用户
837,837,698,所有者
838,838,698,用户
839,839,699,所有者
840,840,700,所有者
841,841,701,所有者
842,842,702,所有者
843,843,703,所有者
844,844,704,所有者
845,845,704,用户
846,846,705,所有者
847,847,706,所有者
849,849,708,所有者
850,850,709,所有者
851,851,710,所有者
852,852,710,用户
853,853,711,所有者
854,854,712,所有者
855,855,713,所有者
856,856,714,所有者
857,857,715,所有者
858,858,716,所有者
859,859,717,所有者
860,860,717,用户
861,861,718,所有者
862,862,719,所有者
863,863,720,所有者
864,864,721,所有者
865,865,721,用户
866,866,722,所有者
870,870,725,所有者
871,871,726,所有者
872,872,727,所有者
873,873,728,所有者
874,874,729,所有者
875,875,729,用户
876,876,730,所有者
877,877,731,所有者
878,878,731,用户
879,879,732,所有者
880,880,733,所有者
881,881,734,所有者
882,882,735,所有者
883,883,736,所有者
884,884,736,用户
885,885,737,所有者
886,886,738,所有者
887,887,739,所有者
888,888,740,所有者
889,889,741,所有者
890,890,742,所有者
891,891,743,所有者
892,892,744,所有者
893,893,745,所有者
894,894,746,所有者
895,895,747,所有者
896,896,748,所有者
897,897,748,用户
898,898,749,所有者
899,899,749,用户
900,900,750,所有者
901,901,751,所有者
902,902,752,所有者
903,903,753,所有者
904,904,754,所有者
905,905,755,所有者
906,906,756,所有者
907,907,757,所有者
908,908,758,所有者
909,909,759,所有者
910,910,760,所有者
911,911,761,所有者
912,912,762,所有者
913,913,763,所有者
914,914,764,所有者
915,915,765,所有者
916,916,766,所有者
917,917,767,所有者
918,918,768,所有者
921,921,770,所有者
922,922,771,所有者
923,923,771,用户
924,924,772,所有者
925,925,773,所有者
926,926,774,所有者
927,927,775,所有者
928,928,776,所有者
929,929,777,所有者
930,930,778,所有者
931,931,779,所有者
932,932,780,所有者
933,933,781,所有者
934,934,781,用户
935,935,782,所有者
936,936,782,用户
937,937,783,所有者
938,938,784,所有者
939,939,785,所有者
940,940,786,所有者
941,941,787,所有者
942,942,788,所有者
943,943,788,用户
944,944,789,所有者
945,945,789,用户
946,946,790,所有者
948,948,791,所有者
949,949,792,所有者
950,950,793,所有者
951,951,793,用户
952,952,794,所有者
953,953,795,所有者
954,954,796,所有者
955,955,797,所有者
956,956,798,所有者
957,957,799,所有者
958,958,799,用户
959,959,800,所有者
960,960,801,所有者
961,961,802,所有者
962,962,803,所有者
963,963,804,所有者
964,964,805,所有者
965,965,806,所有者
966,966,806,用户
967,967,807,所有者
968,968,808,所有者
970,970,809,所有者
971,971,810,所有者
972,972,810,用户
973,973,811,所有者
974,974,811,用户
975,975,812,所有者
976,976,813,所有者
977,977,814,所有者
978,978,815,所有者
979,979,815,用户
980,980,816,所有者
981,981,817,所有者
984,984,819,所有者
985,985,819,用户
986,986,820,所有者
987,987,821,所有者
988,988,822,所有者
989,989,822,用户
990,990,823,所有者
991,991,824,所有者
992,992,825,所有者
993,993,826,所有者
994,994,827,所有者
995,995,827,用户
996,996,828,所有者
997,997,829,所有者
998,998,829,用户
999,999,830,所有者
1000,1000,830,用户
1001,1001,831,所有者
1002,1002,832,所有者
1003,1003,833,所有者
1004,1004,834,所有者
1006,1006,836,所有者
1007,1007,836,用户
1008,1008,837,所有者
1009,1009,838,所有者
1010,1010,838,用户
1011,1011,839,所有者
1012,1012,840,所有者
1013,1013,840,用户
1014,1014,841,所有者
1015,1015,842,所有者
1016,1016,842,用户
1017,1017,843,所有者
1018,1018,844,所有者
1019,1019,845,所有者
1020,1020,846,所有者
1021,1021,847,所有者
1022,1022,848,所有者
1023,1023,849,所有者
1024,1024,850,所有者
1025,1025,851,所有者
1026,1026,852,所有者
1027,1027,853,所有者
1028,1028,853,用户
1029,1029,854,所有者
1030,1030,855,所有者
1031,1031,856,所有者
1032,1032,857,所有者
1033,1033,857,用户
1034,1034,858,所有者
1035,1035,859,所有者
1036,1036,859,用户
1037,1037,860,所有者
1038,1038,861,所有者
1039,1039,862,所有者
1040,1040,863,所有者
1041,1041,864,所有者
1042,1042,865,所有者
1043,1043,865,用户
1044,1044,866,所有者
1045,1045,867,所有者
1046,1046,868,所有者
1047,1047,869,所有者
1048,1048,870,所有者
1049,1049,871,所有者
1050,1050,872,所有者
1051,1051,873,所有者
1052,1052,874,所有者
1053,1053,874,用户
1054,1054,875,所有者
1055,1055,876,所有者
1056,1056,877,所有者
1057,1057,878,所有者
1058,1058,879,所有者
1059,1059,880,所有者
1060,1060,880,用户
1062,1062,882,所有者
1063,1063,882,用户
1064,1064,883,所有者
1065,1065,884,所有者
1066,1066,885,所有者
1067,1067,886,所有者
1068,1068,887,所有者
1069,1069,888,所有者
1070,1070,888,用户
1071,1071,889,所有者
1072,1072,890,所有者
1073,1073,891,所有者
1074,1074,891,用户
1075,1075,892,所有者
1076,1076,893,所有者
1077,1077,894,所有者
1078,1078,895,所有者
1079,1079,896,所有者
1080,1080,897,所有者
1081,1081,898,所有者
1082,1082,899,所有者
1083,1083,900,所有者
1084,1084,900,用户
1085,1085,901,所有者
1086,1086,902,所有者
1087,1087,902,用户
1088,1088,903,所有者
1089,1089,904,所有者
1090,1090,905,所有者
1091,1091,906,所有者
1092,1092,907,所有者
1093,1093,908,所有者
1094,1094,909,所有者
1095,1095,909,用户
1096,1096,910,所有者
1097,1097,910,用户
1098,1098,911,所有者
1099,1099,912,所有者
1100,1100,913,所有者
1101,1101,914,所有者
1102,1102,915,所有者
1103,1103,916,所有者
1104,1104,916,用户
1105,1105,917,所有者
1106,1106,917,用户
1107,1107,918,所有者
1108,1108,919,所有者
1109,1109,920,所有者
1110,1110,921,所有者
1111,1111,922,所有者
1112,1112,923,所有者
1113,1113,924,所有者
1114,1114,925,所有者
1115,1115,926,所有者
1116,1116,927,所有者
1117,1117,928,所有者
1118,1118,928,用户
1119,1119,929,所有者
1120,1120,930,所有者
1121,1121,931,所有者
1122,1122,932,所有者
1123,1123,932,用户
1124,1124,933,所有者
1125,1125,934,所有者
1126,1126,934,用户
1127,1127,935,所有者
1128,1128,936,所有者
1129,1129,937,所有者
1130,1130,938,所有者
1131,1131,939,所有者
1132,1132,939,用户
1133,1133,940,所有者
1134,1134,940,用户
1135,1135,941,所有者
1136,1136,942,所有者
1137,1137,943,所有者
1138,1138,944,所有者
1139,1139,944,用户
1140,1140,945,所有者
1141,1141,946,所有者
1142,1142,947,所有者
1143,1143,947,用户
1145,1145,949,所有者
1146,1146,950,所有者
1147,1147,951,所有者
1148,1148,952,所有者
1149,1149,953,所有者
1150,1150,954,所有者
1151,1151,955,所有者
1152,1152,956,所有者
1153,1153,957,所有者
1154,1154,958,所有者
1155,1155,958,用户
1156,1156,959,所有者
1157,1157,960,所有者
1158,1158,961,所有者
1159,1159,962,所有者
1160,1160,962,用户
1161,1161,963,所有者
1162,1162,964,所有者
1163,1163,965,所有者
1164,1164,966,所有者
1165,1165,967,所有者
1166,1166,968,所有者
1167,1167,968,用户
1168,1168,969,所有者
1169,1169,970,所有者
1170,1170,971,所有者
1171,1171,972,所有者
1172,1172,973,所有者
1173,1173,973,用户
1174,1174,974,所有者
1175,1175,975,所有者
1176,1176,975,用户
1177,1177,976,所有者
1178,1178,977,所有者
1179,1179,978,所有者
1180,1180,979,所有者
1181,1181,980,所有者
1182,1182,981,所有者
1183,1183,982,所有者
1186,1186,984,所有者
1187,1187,985,所有者
1188,1188,985,用户
1189,1189,986,所有者
1190,1190,987,所有者
1191,1191,987,用户
1192,1192,988,所有者
1193,1193,989,所有者
1194,1194,990,所有者
1195,1195,991,所有者
1196,1196,992,所有者
1197,1197,993,所有者
1198,1198,994,所有者
1199,1199,995,所有者
1200,1200,996,所有者
1201,1201,997,所有者
1202,1202,998,所有者
1204,1204,1000,所有者
1206,1206,1002,所有者
1207,1207,1003,所有者
1208,1208,1004,所有者
1209,1209,1005,所有者
1210,1210,1006,所有者
1211,1211,1007,所有者
1212,1212,1008,所有者
1213,1213,1009,所有者
1214,1214,1010,所有者
1215,1215,1011,所有者
1216,1216,1012,所有者
1217,1217,1013,所有者
1218,1218,1014,所有者
1219,1219,1015,所有者
1220,1220,1016,所有者
1221,1221,1017,所有者
1222,1222,1018,所有者
1223,1223,1019,所有者
1224,1224,1020,所有者
1225,1225,1021,所有者
1226,1226,1022,所有者
1227,1227,1022,用户
1228,1228,1023,所有者
1229,1229,1024,所有者
1231,1231,1026,所有者
1232,1232,1026,用户
1233,1233,1027,所有者
1234,1234,1028,所有者
1235,1235,1028,用户
1236,1236,1029,所有者
1237,1237,1030,所有者
1238,1238,1031,所有者
1239,1239,1032,所有者
1240,1240,1033,所有者
1241,1241,1034,所有者
1242,1242,1035,所有者
1243,1243,1036,所有者
1244,1244,1037,所有者
1245,1245,1038,所有者
1246,1246,1039,所有者
1247,1247,1039,用户
1248,1248,1040,所有者
1250,1250,1042,所有者
1251,1251,1043,所有者
1252,1252,1043,用户
1253,1253,1044,所有者
1254,1254,1045,所有者
1255,1255,1046,所有者
1256,1256,1047,所有者
1257,1257,1048,所有者
1258,1258,1048,用户
1259,1259,1049,所有者
1260,1260,1050,所有者
1261,1261,1050,用户
1262,1262,1051,所有者
1263,1263,1051,用户
1264,1264,1052,所有者
1265,1265,1053,所有者
1266,1266,1054,所有者
1267,1267,1055,所有者
1268,1268,1055,用户
1269,1269,1056,所有者
1270,1270,1057,所有者
1271,1271,1058,所有者
1272,1272,1059,所有者
1273,1273,1060,所有者
1274,1274,1061,所有者
1275,1275,1062,所有者
1276,1276,1063,所有者
1277,1277,1064,所有者
1278,1278,1065,所有者
1279,1279,1066,所有者
1280,1280,1067,所有者
1281,1281,1067,用户
1282,1282,1068,所有者
1283,1283,1069,所有者
1284,1284,1069,用户
1285,1285,1070,所有者
1286,1286,1071,所有者
1287,1287,1072,所有者
1288,1288,1073,所有者
1289,1289,1074,所有者
1290,1290,1075,所有者
1291,1291,1076,所有者
1292,1292,1077,所有者
1293,1293,1078,所有者
1294,1294,1078,用户
1295,1295,1079,所有者
1296,1296,1080,所有者
1297,1297,1081,所有者
1298,1298,1081,用户
1299,1299,1082,所有者
1300,1300,1083,所有者
1303,1303,1085,所有者
1304,1304,1086,所有者
1305,1305,1087,所有者
1306,1306,1088,所有者
1307,1307,1089,所有者
1308,1308,1090,所有者
1309,1309,1091,所有者
1310,1310,1092,所有者
1311,1311,1093,所有者
1312,1312,1094,所有者
1313,1313,1095,所有者
1314,1314,1095,用户
1315,1315,1096,所有者
1316,1316,1097,所有者
1317,1317,1097,用户
1318,1318,1098,所有者
1321,1321,1100,所有者
1322,1322,1101,所有者
1323,1323,1102,所有者
1324,1324,1103,所有者
1325,1325,1104,所有者
1326,1326,1105,所有者
1327,1327,1106,所有者
1328,1328,1107,所有者
1329,1329,1108,所有者
1330,1330,1109,所有者
1331,1331,1110,所有者
1332,1332,1111,所有者
1333,1333,1112,所有者
1334,1334,1113,所有者
1335,1335,1114,所有者
1336,1336,1114,用户
1337,1337,1115,所有者
1338,1338,1115,用户
1339,1339,1116,所有者
1340,1340,1117,所有者
1341,1341,1118,所有者
1343,1343,1120,所有者
1344,1344,1120,用户
1345,1345,1121,所有者
1346,1346,1122,所有者
1347,1347,1123,所有者
1348,1348,1123,用户
1349,1349,1124,所有者
1350,1350,1125,所有者
1351,1351,1125,用户
1352,1352,1126,所有者
1353,1353,1127,所有者
1354,1354,1128,所有者
1355,1355,1129,所有者
1356,1356,1130,所有者
1359,1359,1132,所有者
1360,1360,1132,用户
1361,1361,1133,所有者
1362,1362,1133,用户
1363,1363,1134,所有者
1364,1364,1135,所有者
1365,1365,1135,用户
1366,1366,1136,所有者
1367,1367,1137,所有者
1368,1368,1137,用户
1369,1369,1138,所有者
1370,1370,1139,所有者
1371,1371,1140,所有者
1372,1372,1141,所有者
1373,1373,1142,所有者
1375,1375,1144,所有者
1376,1376,1145,所有者
1377,1377,1145,用户
1378,1378,1146,所有者
1379,1379,1146,用户
1380,1380,1147,所有者
1382,1382,1149,所有者
1383,1383,1150,所有者
1384,1384,1151,所有者
1385,1385,1152,所有者
1386,1386,1152,用户
1387,1387,1153,所有者
1388,1388,1154,所有者
1389,1389,1155,所有者
1390,1390,1156,所有者
1391,1391,1157,所有者
1392,1392,1158,所有者
1393,1393,1158,用户
1394,1394,1159,所有者
1395,1395,1159,用户
1396,1396,1160,所有者
1397,1397,1161,所有者
1401,1401,1164,所有者
1402,1402,1165,所有者
1403,1403,1165,用户
1404,1404,1166,所有者
1406,1406,1168,所有者
1407,1407,1168,用户
1408,1408,1169,所有者
1409,1409,1170,所有者
1410,1410,1171,所有者
1411,1411,1171,用户
1412,1412,1172,所有者
1413,1413,1173,所有者
1414,1414,1174,所有者
1416,1416,1176,所有者
1417,1417,1177,所有者
1418,1418,1178,所有者
1419,1419,1179,所有者
1420,1420,1179,用户
1421,1421,1180,所有者
1422,1422,1181,所有者
1423,1423,1181,用户
1424,1424,1182,所有者
1425,1425,1183,所有者
1426,1426,1183,用户
1427,1427,1184,所有者
1428,1428,1185,所有者
1429,1429,1185,用户
1430,1430,1186,所有者
1431,1431,1187,所有者
1432,1432,1188,所有者
1433,1433,1189,所有者
1434,1434,1189,用户
1435,1435,1190,所有者
1438,1438,1192,所有者
1439,1439,1193,所有者
1440,1440,1194,所有者
1441,1441,1195,所有者
1442,1442,1195,用户
1443,1443,1196,所有者
1444,1444,1196,用户
1445,1445,1197,所有者
1446,1446,1198,所有者
1447,1447,1198,用户
1448,1448,1199,所有者
1449,1449,1200,所有者
1450,1450,1201,所有者
1452,1452,1203,所有者
1453,1453,1204,所有者
1454,1454,1205,所有者
1455,1455,1205,用户
1456,1456,1206,所有者
1457,1457,1206,用户
1458,1458,1207,所有者
1459,1459,1208,所有者
1460,1460,1209,所有者
1461,1461,1210,所有者
1462,1462,1211,所有者
1463,1463,1212,所有者
1464,1464,1213,所有者
1465,1465,1213,用户
1466,1466,1214,所有者
1467,1467,1215,所有者
1468,1468,1216,所有者
1469,1469,1217,所有者
1470,1470,1218,所有者
1471,1471,1218,用户
1472,1472,1219,所有者
1473,1473,1220,所有者
1474,1474,1221,所有者
1475,1475,1222,所有者
1476,1476,1223,所有者
1478,1478,1225,所有者
1479,1479,1226,所有者
1480,1480,1227,所有者
1481,1481,1228,所有者
1482,1482,1229,所有者
1483,1483,1230,所有者
1484,1484,1230,用户
1485,1485,1231,所有者
1486,1486,1231,用户
1487,1487,1232,所有者
1488,1488,1233,所有者
1489,1489,1234,所有者
1490,1490,1235,所有者
1491,1491,1236,所有者
1492,1492,1237,所有者
1493,1493,1238,所有者
1494,1494,1238,用户
1495,1495,1239,所有者
1496,1496,1240,所有者
1497,1497,1241,所有者
1498,1498,1241,用户
1499,1499,1242,所有者
1500,1500,1243,所有者
1501,1501,1244,所有者
1502,1502,1245,所有者
1503,1503,1246,所有者
1504,1504,1246,用户
1505,1505,1247,所有者
1506,1506,1248,所有者
1507,1507,1248,用户
1508,1508,1249,所有者
1509,1509,1250,所有者
1510,1510,1251,所有者
1511,1511,1252,所有者
1512,1512,1253,所有者
1513,1513,1254,所有者
1514,1514,1255,所有者
1516,1516,1256,所有者
1517,1517,1257,所有者
1518,1518,1258,所有者
1519,1519,1258,用户
1520,1520,1259,所有者
1521,1521,1260,所有者
1522,1522,1261,所有者
1523,1523,1262,所有者
1524,1524,1263,所有者
1525,1525,1264,所有者
1526,1526,1264,用户
1527,1527,1265,所有者
1528,1528,1266,所有者
1529,1529,1267,所有者
1530,1530,1268,所有者
1531,1531,1269,所有者
1532,1532,1269,用户
1533,1533,1270,所有者
1534,1534,1271,所有者
1535,1535,1272,所有者
1536,1536,1273,所有者
1537,1537,1274,所有者
1539,1539,1275,所有者
1540,1540,1276,所有者
1541,1541,1276,用户
1542,1542,1277,所有者
1543,1543,1277,用户
1546,1546,1279,所有者
1547,1547,1279,用户
1548,1548,1280,所有者
1549,1549,1280,用户
1550,1550,1281,所有者
1554,1554,1284,所有者
1555,1555,1285,所有者
1556,1556,1286,所有者
1557,1557,1287,所有者
1558,1558,1288,所有者
1559,1559,1289,所有者
1561,1561,1291,所有者
1562,1562,1291,用户
1563,1563,1292,所有者
1564,1564,1293,所有者
1565,1565,1294,所有者
1566,1566,1295,所有者
1567,1567,1296,所有者
1568,1568,1296,用户
1569,1569,1297,所有者
1570,1570,1297,用户
1571,1571,1298,所有者
1572,1572,1299,所有者
1574,1574,1301,所有者
1575,1575,1302,所有者
1576,1576,1302,用户
1577,1577,1303,所有者
1578,1578,1304,所有者
1579,1579,1305,所有者
1580,1580,1306,所有者
1581,1581,1307,所有者
1582,1582,1308,所有者
1583,1583,1309,所有者
1584,1584,1310,所有者
1585,1585,1311,所有者
1586,1586,1311,用户
1587,1587,1312,所有者
1588,1588,1313,所有者
1589,1589,1314,所有者
1590,1590,1315,所有者
1591,1591,1316,所有者
1592,1592,1317,所有者
1593,1593,1317,用户
1594,1594,1318,所有者
1595,1595,1319,所有者
1596,1596,1320,所有者
1597,1597,1321,所有者
1598,1598,1322,所有者
1599,1599,1323,所有者
1600,1600,1323,用户
1601,1601,1324,所有者
1602,1602,1324,用户
1603,1603,1325,所有者
1604,1604,1325,用户
1605,1605,1326,所有者
1606,1606,1327,所有者
1607,1607,1328,所有者
1608,1608,1329,所有者
1609,1609,1329,用户
1610,1610,1330,所有者
1611,1611,1331,所有者
1612,1612,1331,用户
1613,1613,1332,所有者
1614,1614,1333,所有者
1615,1615,1334,所有者
1616,1616,1335,所有者
1617,1617,1336,所有者
1618,1618,1337,所有者
1619,1619,1338,所有者
1620,1620,1338,用户
1621,1621,1339,所有者
1622,1622,1340,所有者
1623,1623,1341,所有者
1624,1624,1342,所有者
1625,1625,1342,用户
1628,1628,1344,所有者
1629,1629,1345,所有者
1630,1630,1345,用户
1631,1631,1346,所有者
1632,1632,1347,所有者
1633,1633,1348,所有者
1634,1634,1348,用户
1635,1635,1349,所有者
1636,1636,1349,用户
1637,1637,1350,所有者
1638,1638,1351,所有者
1639,1639,1352,所有者
1640,1640,1353,所有者
1641,1641,1354,所有者
1642,1642,1355,所有者
1643,1643,1356,所有者
1644,1644,1357,所有者
1645,1645,1358,所有者
1646,1646,1359,所有者
1647,1647,1360,所有者
1648,1648,1361,所有者
1649,1649,1361,用户
1650,1650,1362,所有者
1651,1651,1363,所有者
1653,1653,1365,所有者
1654,1654,1366,所有者
1655,1655,1367,所有者
1656,1656,1368,所有者
1657,1657,1369,所有者
1658,1658,1370,所有者
1659,1659,1371,所有者
1660,1660,1372,所有者
1661,1661,1373,所有者
1662,1662,1374,所有者
1663,1663,1375,所有者
1664,1664,1376,所有者
1665,1665,1376,用户
1666,1666,1377,所有者
1667,1667,1377,用户
1668,1668,1378,所有者
1669,1669,1379,所有者
1670,1670,1380,所有者
1671,1671,1381,所有者
1672,1672,1381,用户
1673,1673,1382,所有者
1674,1674,1383,所有者
1675,1675,1384,所有者
1676,1676,1385,所有者
1677,1677,1385,用户
1679,1679,1387,所有者
1680,1680,1388,所有者
1681,1681,1389,所有者
1682,1682,1390,所有者
1683,1683,1391,所有者
1684,1684,1391,用户
1685,1685,1392,所有者
1686,1686,1393,所有者
1687,1687,1393,用户
1688,1688,1394,所有者
1689,1689,1395,所有者
1690,1690,1396,所有者
1691,1691,1397,所有者
1692,1692,1398,所有者
1693,1693,1399,所有者
1694,1694,1399,用户
1696,1696,1401,所有者
1697,1697,1402,所有者
1698,1698,1402,用户
1699,1699,1403,所有者
1700,1700,1404,所有者
1701,1701,1404,用户
1702,1702,1405,所有者
1703,1703,1406,所有者
1704,1704,1406,用户
1705,1705,1407,所有者
1706,1706,1407,用户
1707,1707,1408,所有者
1709,1709,1410,所有者
1710,1710,1411,所有者
1711,1711,1412,所有者
1712,1712,1412,用户
1713,1713,1413,所有者
1714,1714,1414,所有者
1717,1717,1416,所有者
1718,1718,1417,所有者
1719,1719,1418,所有者
1720,1720,1419,所有者
1721,1721,1419,用户
1722,1722,1420,所有者
1723,1723,1421,所有者
1724,1724,1422,所有者
1725,1725,1423,所有者
1726,1726,1423,用户
1727,1727,1424,所有者
1728,1728,1424,用户
1729,1729,1425,所有者
1730,1730,1426,所有者
1731,1731,1427,所有者
1733,1733,1429,所有者
1734,1734,1430,所有者
1735,1735,1430,用户
1736,1736,1431,所有者
1737,1737,1432,所有者
1738,1738,1432,用户
1741,1741,1434,所有者
1742,1742,1435,所有者
1743,1743,1436,所有者
1744,1744,1437,所有者
1745,1745,1438,所有者
1746,1746,1439,所有者
1747,1747,1439,用户
1748,1748,1440,所有者
1749,1749,1441,所有者
1750,1750,1442,所有者
1751,1751,1443,所有者
1752,1752,1444,所有者
1753,1753,1445,所有者
1754,1754,1446,所有者
1755,1755,1447,所有者
1756,1756,1448,所有者
1757,1757,1448,用户
1758,1758,1449,所有者
1759,1759,1450,所有者
1760,1760,1451,所有者
1761,1761,1452,所有者
1762,1762,1453,所有者
1763,1763,1454,所有者
1764,1764,1455,所有者
1765,1765,1456,所有者
1768,1768,1458,所有者
1769,1769,1459,所有者
1770,1770,1459,用户
1771,1771,1460,所有者
1772,1772,1461,所有者
1774,1774,1463,所有者
1775,1775,1464,所有者
1776,1776,1465,所有者
1777,1777,1466,所有者
1778,1778,1466,用户
1779,1779,1467,所有者
1780,1780,1468,所有者
1781,1781,1469,所有者
1782,1782,1470,所有者
1783,1783,1471,所有者
1784,1784,1472,所有者
1785,1785,1473,所有者
1786,1786,1474,所有者
1787,1787,1474,用户
1788,1788,1475,所有者
1789,1789,1476,所有者
1790,1790,1477,所有者
1791,1791,1478,所有者
1792,1792,1479,所有者
1793,1793,1480,所有者
1794,1794,1481,所有者
1795,1795,1482,所有者
1796,1796,1483,所有者
1797,1797,1483,用户
1798,1798,1484,所有者
1799,1799,1485,所有者
1800,1800,1486,所有者
1801,1801,1487,所有者
1802,1802,1487,用户
1803,1803,1488,所有者
1806,1806,1490,所有者
1807,1807,1491,所有者
1808,1808,1491,用户
1809,1809,1492,所有者
1810,1810,1493,所有者
1811,1811,1494,所有者
1812,1812,1495,所有者
1813,1813,1495,用户
1814,1814,1496,所有者
1815,1815,1497,所有者
1816,1816,1498,所有者
1817,1817,1499,所有者
1818,1818,1499,用户
1819,1819,1500,所有者
1820,1820,1501,所有者
1821,1821,1502,所有者
1822,1822,1503,所有者
1823,1823,1504,所有者
1824,1824,1505,所有者
1825,1825,1506,所有者
1826,1826,1507,所有者
1827,1827,1507,用户
1828,1828,1508,所有者
1829,1829,1509,所有者
1830,1830,1510,所有者
1831,1831,1511,所有者
1832,1832,1512,所有者
1833,1833,1513,所有者
1834,1834,1514,所有者
1835,1835,1514,用户
1836,1836,1515,所有者
1837,1837,1516,所有者
1838,1838,1516,用户
1839,1839,1517,所有者
1840,1840,1517,用户
1841,1841,1518,所有者
1842,1842,1519,所有者
1843,1843,1520,所有者
1844,1844,1521,所有者
1845,1845,1521,用户
1846,1846,1522,所有者
1847,1847,1523,所有者
1848,1848,1524,所有者
1849,1849,1525,所有者
1850,1850,1526,所有者
1851,1851,1527,所有者
1852,1852,1528,所有者
1853,1853,1529,所有者
1854,1854,1530,所有者
1856,1856,1532,所有者
1857,1857,1532,用户
1860,1860,1534,所有者
1861,1861,1535,所有者
1862,1862,1536,所有者
1863,1863,1537,所有者
1864,1864,1538,所有者
1865,1865,1538,用户
1866,1866,1539,所有者
1867,1867,1540,所有者
1868,1868,1541,所有者
1869,1869,1542,所有者
1870,1870,1542,用户
1871,1871,1543,所有者
1872,1872,1544,所有者
1873,1873,1544,用户
1874,1874,1545,所有者
1875,1875,1546,所有者
1876,1876,1547,所有者
1877,1877,1548,所有者
1878,1878,1548,用户
1879,1879,1549,所有者
1880,1880,1550,所有者
1881,1881,1551,所有者
1882,1882,1551,用户
1883,1883,1552,所有者
1884,1884,1553,所有者
1885,1885,1554,所有者
1886,1886,1555,所有者
1887,1887,1556,所有者
1888,1888,1557,所有者
1889,1889,1558,所有者
1890,1890,1559,所有者
1891,1891,1560,所有者
1892,1892,1561,所有者
1893,1893,1561,用户
1894,1894,1562,所有者
1895,1895,1563,所有者
1896,1896,1564,所有者
1897,1897,1565,所有者
1898,1898,1566,所有者
1899,1899,1567,所有者
1900,1900,1568,所有者
1901,1901,1568,用户
1903,1903,1570,所有者
1904,1904,1571,所有者
1905,1905,1572,所有者
1906,1906,1573,所有者
1907,1907,1574,所有者
1908,1908,1575,所有者
1909,1909,1576,所有者
1910,1910,1577,所有者
1911,1911,1578,所有者
1912,1912,1579,所有者
1913,1913,1580,所有者
1914,1914,1581,所有者
1915,1915,1581,用户
1916,1916,1582,所有者
1917,1917,1583,所有者
1919,1919,1584,所有者
1920,1920,1585,所有者
1921,1921,1586,所有者
1922,1922,1586,用户
1923,1923,1587,所有者
1924,1924,1588,所有者
1925,1925,1589,所有者
1926,1926,1589,用户
1927,1927,1590,所有者
1928,1928,1590,用户
1929,1929,1591,所有者
1930,1930,1592,所有者
1931,1931,1593,所有者
1932,1932,1594,所有者
1934,1934,1596,所有者
1935,1935,1597,所有者
1936,1936,1598,所有者
1937,1937,1598,用户
1938,1938,1599,所有者
1939,1939,1600,所有者
1940,1940,1600,用户
1941,1941,1601,所有者
1942,1942,1601,用户
1943,1943,1602,所有者
1944,1944,1603,所有者
1945,1945,1604,所有者
1946,1946,1605,所有者
1947,1947,1606,所有者
1948,1948,1607,所有者
1949,1949,1607,用户
1950,1950,1608,所有者
1951,1951,1609,所有者
1952,1952,1610,所有者
1953,1953,1610,用户
1954,1954,1611,所有者
1955,1955,1612,所有者
1956,1956,1613,所有者
1957,1957,1614,所有者
1958,1958,1614,用户
1959,1959,1615,所有者
1960,1960,1616,所有者
1961,1961,1617,所有者
1962,1962,1618,所有者
1963,1963,1619,所有者
1964,1964,1620,所有者
1965,1965,1621,所有者
1966,1966,1622,所有者
1967,1967,1623,所有者
1968,1968,1623,用户
1969,1969,1624,所有者
1970,1970,1625,所有者
1971,1971,1626,所有者
1972,1972,1627,所有者
1973,1973,1628,所有者
1974,1974,1629,所有者
1975,1975,1629,用户
1976,1976,1630,所有者
1977,1977,1631,所有者
1978,1978,1632,所有者
1979,1979,1633,所有者
1980,1980,1634,所有者
1981,1981,1635,所有者
1982,1982,1636,所有者
1983,1983,1636,用户
1984,1984,1637,所有者
1985,1985,1638,所有者
1986,1986,1638,用户
1988,1988,1640,所有者
1989,1989,1641,所有者
1990,1990,1641,用户
1991,1991,1642,所有者
1993,1993,1644,所有者
1994,1994,1644,用户
1995,1995,1645,所有者
1996,1996,1646,所有者
1997,1997,1647,所有者
1998,1998,1648,所有者
1999,1999,1649,所有者
2000,2000,1650,所有者
2001,2001,1651,所有者
2002,2002,1652,所有者
2003,2003,1652,用户
2004,2004,1653,所有者
2005,2005,1654,所有者
2006,2006,1655,所有者
2007,2007,1655,用户
2008,2008,1656,所有者
2009,2009,1657,所有者
2010,2010,1658,所有者
2011,2011,1659,所有者
2012,2012,1659,用户
2013,2013,1660,所有者
2015,2015,1662,所有者
2016,2016,1663,所有者
2017,2017,1663,用户
2018,2018,1664,所有者
2019,2019,1665,所有者
2020,2020,1665,用户
2021,2021,1666,所有者
2022,2022,1667,所有者
2023,2023,1667,用户
2024,2024,1668,所有者
2025,2025,1669,所有者
2026,2026,1669,用户
2027,2027,1670,所有者
2028,2028,1670,用户
2029,2029,1671,所有者
2030,2030,1672,所有者
2031,2031,1673,所有者
2032,2032,1674,所有者
2033,2033,1674,用户
2034,2034,1675,所有者
2035,2035,1675,用户
2037,2037,1677,所有者
2038,2038,1678,所有者
2039,2039,1679,所有者
2040,2040,1680,所有者
2041,2041,1681,所有者
2042,2042,1682,所有者
2043,2043,1683,所有者
2044,2044,1684,所有者
2045,2045,1685,所有者
2046,2046,1685,用户
2047,2047,1686,所有者
2048,2048,1687,所有者
2049,2049,1688,所有者
2050,2050,1688,用户
2051,2051,1689,所有者
2052,2052,1689,用户
2053,2053,1690,所有者
2054,2054,1691,所有者
2055,2055,1692,所有者
2056,2056,1693,所有者
2057,2057,1694,所有者
2058,2058,1695,所有者
2059,2059,1696,所有者
2060,2060,1696,用户
2061,2061,1697,所有者
2062,2062,1697,用户
2063,2063,1698,所有者
2064,2064,1699,所有者
2065,2065,1700,所有者
2066,2066,1701,所有者
2067,2067,1702,所有者
2068,2068,1703,所有者
2069,2069,1704,所有者
2070,2070,1705,所有者
2071,2071,1706,所有者
2072,2072,1707,所有者
2073,2073,1708,所有者
2074,2074,1709,所有者
2075,2075,1710,所有者
2076,2076,1711,所有者
2077,2077,1712,所有者
2078,2078,1713,所有者
2079,2079,1714,所有者
2080,2080,1715,所有者
2081,2081,1716,所有者
2082,2082,1717,所有者
2083,2083,1718,所有者
2084,2084,1719,所有者
2085,2085,1719,用户
2086,2086,1720,所有者
2087,2087,1721,所有者
2088,2088,1722,所有者
2089,2089,1723,所有者
2090,2090,1723,用户
2091,2091,1724,所有者
2092,2092,1725,所有者
2093,2093,1726,所有者
2094,2094,1726,用户
2095,2095,1727,所有者
2096,2096,1728,所有者
2097,2097,1729,所有者
2098,2098,1729,用户
2099,2099,1730,所有者
2100,2100,1731,所有者
2101,2101,1731,用户
2102,2102,1732,所有者
2103,2103,1733,所有者
2104,2104,1734,所有者
2105,2105,1735,所有者
2106,2106,1736,所有者
2107,2107,1736,用户
2108,2108,1737,所有者
2109,2109,1738,所有者
2110,2110,1739,所有者
2111,2111,1740,所有者
2112,2112,1741,所有者
2113,2113,1742,所有者
2114,2114,1743,所有者
2115,2115,1743,用户
2116,2116,1744,所有者
2117,2117,1745,所有者
2118,2118,1746,所有者
2119,2119,1747,所有者
2121,2121,1749,所有者
2122,2122,1750,所有者
2123,2123,1751,所有者
2124,2124,1752,所有者
2125,2125,1753,所有者
2126,2126,1754,所有者
2128,2128,1756,所有者
2129,2129,1757,所有者
2130,2130,1758,所有者
2131,2131,1759,所有者
2132,2132,1759,用户
2133,2133,1760,所有者
2134,2134,1760,用户
2135,2135,1761,所有者
2136,2136,1762,所有者
2137,2137,1763,所有者
2138,2138,1764,所有者
2139,2139,1765,所有者
2140,2140,1765,用户
2141,2141,1766,所有者
2142,2142,1767,所有者
2143,2143,1767,用户
2144,2144,1768,所有者
2145,2145,1769,所有者
2146,2146,1770,所有者
2147,2147,1771,所有者
2148,2148,1772,所有者
2149,2149,1773,所有者
2150,2150,1774,所有者
2151,2151,1774,用户
2152,2152,1775,所有者
2153,2153,1776,所有者
2154,2154,1777,所有者
2155,2155,1778,所有者
2156,2156,1779,所有者
2157,2157,1780,所有者
2158,2158,1781,所有者
2159,2159,1782,所有者
2160,2160,1783,所有者
2161,2161,1784,所有者
2162,2162,1784,用户
2163,2163,1785,所有者
2164,2164,1786,所有者
2165,2165,1786,用户
2166,2166,1787,所有者
2167,2167,1788,所有者
2168,2168,1789,所有者
2169,2169,1789,用户
2170,2170,1790,所有者
2171,2171,1791,所有者
2172,2172,1792,所有者
2173,2173,1793,所有者
2174,2174,1794,所有者
2175,2175,1795,所有者
2176,2176,1796,所有者
2177,2177,1797,所有者
2178,2178,1798,所有者
2179,2179,1799,所有者
2180,2180,1800,所有者
2181,2181,1801,所有者
2182,2182,1802,所有者
2183,2183,1802,用户
2184,2184,1803,所有者
2185,2185,1804,所有者
2186,2186,1805,所有者
2187,2187,1806,所有者
2188,2188,1806,用户
2189,2189,1807,所有者
2190,2190,1808,所有者
2191,2191,1808,用户
2192,2192,1809,所有者
2193,2193,1809,用户
2194,2194,1810,所有者
2195,2195,1811,所有者
2196,2196,1812,所有者
2197,2197,1813,所有者
2198,2198,1814,所有者
2199,2199,1814,用户
2200,2200,1815,所有者
2201,2201,1816,所有者
2202,2202,1816,用户
2203,2203,1817,所有者
2204,2204,1818,所有者
2205,2205,1819,所有者
2206,2206,1820,所有者
2207,2207,1821,所有者
2208,2208,1821,用户
2209,2209,1822,所有者
2210,2210,1822,用户
2211,2211,1823,所有者
2212,2212,1824,所有者
2213,2213,1825,所有者
2214,2214,1826,所有者
2215,2215,1827,所有者
2216,2216,1828,所有者
2217,2217,1828,用户
2218,2218,1829,所有者
2219,2219,1829,用户
2220,2220,1830,所有者
2221,2221,1830,用户
2222,2222,1831,所有者
2223,2223,1832,所有者
2224,2224,1833,所有者
2225,2225,1834,所有者
2226,2226,1835,所有者
2227,2227,1836,所有者
2228,2228,1837,所有者
2229,2229,1838,所有者
2230,2230,1839,所有者
2231,2231,1840,所有者
2232,2232,1841,所有者
2233,2233,1841,用户
2235,2235,1843,所有者
2236,2236,1844,所有者
2237,2237,1845,所有者
2238,2238,1845,用户
2239,2239,1846,所有者
2240,2240,1847,所有者
2241,2241,1847,用户
2242,2242,1848,所有者
2243,2243,1848,用户
2246,2246,1851,所有者
2247,2247,1852,所有者
2248,2248,1853,所有者
2249,2249,1854,所有者
2250,2250,1855,所有者
2251,2251,1856,所有者
2252,2252,1857,所有者
2253,2253,1857,用户
2254,2254,1858,所有者
2255,2255,1859,所有者
2256,2256,1860,所有者
2257,2257,1861,所有者
2258,2258,1861,用户
2259,2259,1862,所有者
2260,2260,1863,所有者
2261,2261,1863,用户
2263,2263,1865,所有者
2264,2264,1866,所有者
2265,2265,1867,所有者
2266,2266,1868,所有者
2267,2267,1869,所有者
2268,2268,1870,所有者
2269,2269,1871,所有者
2270,2270,1872,所有者
2271,2271,1872,用户
2274,2274,1874,所有者
2275,2275,1874,用户
2276,2276,1875,所有者
2277,2277,1876,所有者
2278,2278,1877,所有者
2279,2279,1878,所有者
2280,2280,1879,所有者
2281,2281,1880,所有者
2282,2282,1881,所有者
2283,2283,1882,所有者
2286,2286,1884,所有者
2287,2287,1885,所有者
2288,2288,1886,所有者
2289,2289,1886,用户
2290,2290,1887,所有者
2291,2291,1888,所有者
2292,2292,1889,所有者
2293,2293,1890,所有者
2294,2294,1891,所有者
2295,2295,1892,所有者
2296,2296,1892,用户
2297,2297,1893,所有者
2298,2298,1893,用户
2299,2299,1894,所有者
2300,2300,1895,所有者
2301,2301,1895,用户
2302,2302,1896,所有者
2303,2303,1897,所有者
2304,2304,1897,用户
2305,2305,1898,所有者
2306,2306,1898,用户
2307,2307,1899,所有者
2308,2308,1900,所有者
2309,2309,1901,所有者
2310,2310,1902,所有者
2311,2311,1902,用户
2312,2312,1903,所有者
2313,2313,1904,所有者
2314,2314,1905,所有者
2315,2315,1905,用户
2316,2316,1906,所有者
2317,2317,1907,所有者
2318,2318,1908,所有者
2319,2319,1909,所有者
2320,2320,1910,所有者
2321,2321,1911,所有者
2322,2322,1912,所有者
2323,2323,1913,所有者
2324,2324,1914,所有者
2325,2325,1915,所有者
2326,2326,1916,所有者
2327,2327,1917,所有者
2328,2328,1918,所有者
2329,2329,1919,所有者
2330,2330,1920,所有者
2331,2331,1921,所有者
2332,2332,1922,所有者
2333,2333,1922,用户
2335,2335,1924,所有者
2336,2336,1925,所有者
2337,2337,1925,用户
2338,2338,1926,所有者
2339,2339,1926,用户
2340,2340,1927,所有者
2341,2341,1927,用户
2342,2342,1928,所有者
2343,2343,1929,所有者
2344,2344,1930,所有者
2345,2345,1931,所有者
2346,2346,1931,用户
2347,2347,1932,所有者
2348,2348,1933,所有者
2349,2349,1934,所有者
2350,2350,1934,用户
2351,2351,1935,所有者
2352,2352,1936,所有者
2353,2353,1937,所有者
2354,2354,1938,所有者
2355,2355,1939,所有者
2356,2356,1940,所有者
2357,2357,1940,用户
2358,2358,1941,所有者
2359,2359,1941,用户
2361,2361,1943,所有者
2362,2362,1943,用户
2363,2363,1944,所有者
2364,2364,1945,所有者
2365,2365,1946,所有者
2366,2366,1947,所有者
2367,2367,1947,用户
2368,2368,1948,所有者
2369,2369,1948,用户
2370,2370,1949,所有者
2371,2371,1950,所有者
2372,2372,1951,所有者
2373,2373,1952,所有者
2374,2374,1953,所有者
2375,2375,1954,所有者
2376,2376,1954,用户
2377,2377,1955,所有者
2378,2378,1956,所有者
2379,2379,1957,所有者
2380,2380,1958,所有者
2381,2381,1958,用户
2382,2382,1959,所有者
2383,2383,1960,所有者
2384,2384,1960,用户
2385,2385,1961,所有者
2386,2386,1961,用户
2387,2387,1962,所有者
2388,2388,1963,所有者
2389,2389,1964,所有者
2390,2390,1965,所有者
2391,2391,1966,所有者
2392,2392,1967,所有者
2393,2393,1968,所有者
2394,2394,1969,所有者
2395,2395,1970,所有者
2396,2396,1971,所有者
2397,2397,1972,所有者
2398,2398,1973,所有者
2399,2399,1974,所有者
2400,2400,1975,所有者
2401,2401,1976,所有者
2402,2402,1977,所有者
2403,2403,1978,所有者
2404,2404,1979,所有者
2405,2405,1979,用户
2406,2406,1980,所有者
2407,2407,1981,所有者
2408,2408,1982,所有者
2409,2409,1983,所有者
2410,2410,1984,所有者
2411,2411,1984,用户
2412,2412,1985,所有者
2413,2413,1986,所有者
2414,2414,1987,所有者
2415,2415,1987,用户
2416,2416,1988,所有者
2417,2417,1989,所有者
2418,2418,1990,所有者
2419,2419,1991,所有者
2420,2420,1992,所有者
2421,2421,1992,用户
2422,2422,1993,所有者
2423,2423,1994,所有者
2424,2424,1995,所有者
2425,2425,1996,所有者
2426,2426,1997,所有者
2427,2427,1997,用户
2428,2428,1998,所有者
2429,2429,1999,所有者
2430,2430,2000,所有者
2431,2431,2001,所有者
2432,2432,2002,所有者
2433,2433,2003,所有者
2434,2434,2004,所有者
2435,2435,2005,所有者
2436,2436,2006,所有者
2437,2437,2007,所有者
2438,2438,2008,所有者
2439,2439,2008,用户
2440,2440,2009,所有者
2441,2441,2010,所有者
2442,2442,2010,用户
2443,2443,2011,所有者
2444,2444,2012,所有者
2445,2445,2013,所有者
2447,2447,2015,所有者
2448,2448,2015,用户
2449,2449,2016,所有者
2450,2450,2017,所有者
2451,2451,2018,所有者
2452,2452,2019,所有者
2453,2453,2020,所有者
2454,2454,2021,所有者
2455,2455,2022,所有者
2456,2456,2022,用户
2457,2457,2023,所有者
2458,2458,2023,用户
2459,2459,2024,所有者
2460,2460,2025,所有者
2461,2461,2026,所有者
2462,2462,2027,所有者
2463,2463,2028,所有者
2464,2464,2029,所有者
2465,2465,2030,所有者
2467,2467,2032,所有者
2468,2468,2033,所有者
2469,2469,2034,所有者
2470,2470,2035,所有者
2471,2471,2035,用户
2472,2472,2036,所有者
2473,2473,2037,所有者
2474,2474,2038,所有者
2475,2475,2039,所有者
2476,2476,2040,所有者
2477,2477,2040,用户
2478,2478,2041,所有者
2479,2479,2042,所有者
2480,2480,2043,所有者
2481,2481,2044,所有者
2482,2482,2045,所有者
2483,2483,2045,用户
2484,2484,2046,所有者
2485,2485,2047,所有者
2486,2486,2048,所有者
2487,2487,2049,所有者
2488,2488,2050,所有者
2489,2489,2051,所有者
2490,2490,2052,所有者
2491,2491,2053,所有者
2492,2492,2053,用户
2493,2493,2054,所有者
2494,2494,2055,所有者
2495,2495,2056,所有者
2496,2496,2057,所有者
2497,2497,2058,所有者
2498,2498,2059,所有者
2499,2499,2060,所有者
2500,2500,2061,所有者
2501,2501,2062,所有者
2502,2502,2063,所有者
2503,2503,2064,所有者
2504,2504,2065,所有者
2505,2505,2066,所有者
2506,2506,2067,所有者
2507,2507,2068,所有者
2508,2508,2069,所有者
2509,2509,2069,用户
2510,2510,2070,所有者
2511,2511,2071,所有者
2512,2512,2071,用户
2513,2513,2072,所有者
2514,2514,2073,所有者
2515,2515,2074,所有者
2516,2516,2075,所有者
2517,2517,2076,所有者
2518,2518,2076,用户
2519,2519,2077,所有者
2520,2520,2078,所有者
2521,2521,2079,所有者
2522,2522,2080,所有者
2523,2523,2080,用户
2524,2524,2081,所有者
2525,2525,2082,所有者
2526,2526,2083,所有者
2527,2527,2084,所有者
2528,2528,2085,所有者
2529,2529,2086,所有者
2530,2530,2087,所有者
2531,2531,2088,所有者
2532,2532,2089,所有者
2533,2533,2090,所有者
2534,2534,2091,所有者
2535,2535,2092,所有者
2536,2536,2093,所有者
2537,2537,2094,所有者
2538,2538,2095,所有者
2539,2539,2096,所有者
2540,2540,2097,所有者
2542,2542,2099,所有者
2543,2543,2099,用户
2545,2545,2101,所有者
2546,2546,2102,所有者
2547,2547,2103,所有者
2548,2548,2104,所有者
2549,2549,2105,所有者
2550,2550,2106,所有者
2551,2551,2107,所有者
2552,2552,2108,所有者
2553,2553,2109,所有者
2554,2554,2110,所有者
2555,2555,2111,所有者
2556,2556,2112,所有者
2557,2557,2113,所有者
2558,2558,2114,所有者
2559,2559,2115,所有者
2560,2560,2116,所有者
2561,2561,2117,所有者
2562,2562,2118,所有者
2563,2563,2119,所有者
2565,2565,2121,所有者
2566,2566,2122,所有者
2567,2567,2123,所有者
2568,2568,2123,用户
2569,2569,2124,所有者
2570,2570,2124,用户
2571,2571,2125,所有者
2572,2572,2126,所有者
2573,2573,2127,所有者
2574,2574,2128,所有者
2576,2576,2130,所有者
2577,2577,2131,所有者
2578,2578,2132,所有者
2579,2579,2133,所有者
2580,2580,2133,用户
2581,2581,2134,所有者
2582,2582,2135,所有者
2583,2583,2136,所有者
2584,2584,2137,所有者
2585,2585,2138,所有者
2586,2586,2139,所有者
2587,2587,2139,用户
2588,2588,2140,所有者
2589,2589,2141,所有者
2590,2590,2142,所有者
2591,2591,2142,用户
2592,2592,2143,所有者
2593,2593,2143,用户
2594,2594,2144,所有者
2596,2596,2146,所有者
2597,2597,2147,所有者
2598,2598,2147,用户
2599,2599,2148,所有者
2600,2600,2149,所有者
2601,2601,2150,所有者
2602,2602,2150,用户
2603,2603,2151,所有者
2604,2604,2152,所有者
2605,2605,2152,用户
2606,2606,2153,所有者
2607,2607,2154,所有者
2608,2608,2155,所有者
2609,2609,2156,所有者
2610,2610,2156,用户
2611,2611,2157,所有者
2612,2612,2158,所有者
2613,2613,2159,所有者
2614,2614,2160,所有者
2615,2615,2161,所有者
2616,2616,2162,所有者
2617,2617,2162,用户
2618,2618,2163,所有者
2619,2619,2164,所有者
2620,2620,2164,用户
2621,2621,2165,所有者
2622,2622,2166,所有者
2623,2623,2167,所有者
2625,2625,2169,所有者
2626,2626,2170,所有者
2628,2628,2172,所有者
2629,2629,2172,用户
2630,2630,2173,所有者
2631,2631,2174,所有者
2632,2632,2174,用户
2633,2633,2175,所有者
2635,2635,2176,所有者
2636,2636,2177,所有者
2637,2637,2178,所有者
2638,2638,2179,所有者
2639,2639,2180,所有者
2640,2640,2180,用户
2642,2642,2182,所有者
2643,2643,2183,所有者
2644,2644,2184,所有者
2645,2645,2185,所有者
2646,2646,2186,所有者
2647,2647,2187,所有者
2648,2648,2187,用户
2650,2650,2189,所有者
2651,2651,2189,用户
2652,2652,2190,所有者
2653,2653,2191,所有者
2654,2654,2192,所有者
2655,2655,2193,所有者
2656,2656,2194,所有者
2657,2657,2195,所有者
2658,2658,2196,所有者
2659,2659,2197,所有者
2661,2661,2199,所有者
2662,2662,2200,所有者
2663,2663,2201,所有者
2666,2666,2203,所有者
2667,2667,2204,所有者
2668,2668,2204,用户
2669,2669,2205,所有者
2670,2670,2206,所有者
2671,2671,2207,所有者
2672,2672,2208,所有者
2673,2673,2209,所有者
2674,2674,2209,用户
2675,2675,2210,所有者
2676,2676,2211,所有者
2677,2677,2212,所有者
2678,2678,2212,用户
2679,2679,2213,所有者
2680,2680,2213,用户
2681,2681,2214,所有者
2682,2682,2214,用户
2683,2683,2215,所有者
2684,2684,2216,所有者
2685,2685,2217,所有者
2686,2686,2218,所有者
2687,2687,2218,用户
2688,2688,2219,所有者
2689,2689,2220,所有者
2690,2690,2221,所有者
2691,2691,2222,所有者
2692,2692,2223,所有者
2693,2693,2224,所有者
2694,2694,2225,所有者
2695,2695,2225,用户
2696,2696,2226,所有者
2697,2697,2226,用户
2698,2698,2227,所有者
2699,2699,2227,用户
2700,2700,2228,所有者
2701,2701,2229,所有者
2702,2702,2230,所有者
2703,2703,2231,所有者
2704,2704,2232,所有者
2705,2705,2233,所有者
2706,2706,2234,所有者
2707,2707,2235,所有者
2708,2708,2236,所有者
2709,2709,2237,所有者
2712,2712,2239,所有者
2713,2713,2240,所有者
2714,2714,2241,所有者
2715,2715,2242,所有者
2716,2716,2243,所有者
2717,2717,2244,所有者
2718,2718,2244,用户
2719,2719,2245,所有者
2720,2720,2246,所有者
2721,2721,2247,所有者
2724,2724,2250,所有者
2726,2726,2252,所有者
2727,2727,2252,用户
2728,2728,2253,所有者
2729,2729,2254,所有者
2730,2730,2255,所有者
2731,2731,2256,所有者
2732,2732,2257,所有者
2733,2733,2258,所有者
2734,2734,2258,用户
2735,2735,2259,所有者
2736,2736,2260,所有者
2738,2738,2261,所有者
2739,2739,2262,所有者
2740,2740,2263,所有者
2741,2741,2264,所有者
2742,2742,2265,所有者
2743,2743,2266,所有者
2744,2744,2266,用户
2745,2745,2267,所有者
2746,2746,2268,所有者
2747,2747,2269,所有者
2748,2748,2269,用户
2749,2749,2270,所有者
2750,2750,2270,用户
2751,2751,2271,所有者
2752,2752,2272,所有者
2754,2754,2274,所有者
2755,2755,2275,所有者
2756,2756,2276,所有者
2758,2758,2278,所有者
2759,2759,2279,所有者
2760,2760,2280,所有者
2761,2761,2281,所有者
2762,2762,2282,所有者
2765,2765,2285,所有者
2766,2766,2286,所有者
2767,2767,2286,用户
2768,2768,2287,所有者
2769,2769,2288,所有者
2770,2770,2289,所有者
2771,2771,2290,所有者
2772,2772,2290,用户
2773,2773,2291,所有者
2774,2774,2291,用户
2775,2775,2292,所有者
2776,2776,2293,所有者
2777,2777,2294,所有者
2778,2778,2295,所有者
2779,2779,2296,所有者
2780,2780,2296,用户
2781,2781,2297,所有者
2782,2782,2298,所有者
2783,2783,2299,所有者
2784,2784,2300,所有者
2785,2785,2301,所有者
2786,2786,2302,所有者
2787,2787,2303,所有者
2788,2788,2304,所有者
2789,2789,2305,所有者
2790,2790,2306,所有者
2791,2791,2307,所有者
2794,2794,2309,所有者
2795,2795,2309,用户
2796,2796,2310,所有者
2797,2797,2311,所有者
2798,2798,2312,所有者
2799,2799,2313,所有者
2800,2800,2314,所有者
2801,2801,2315,所有者
2802,2802,2316,所有者
2803,2803,2317,所有者
2804,2804,2317,用户
2805,2805,2318,所有者
2806,2806,2319,所有者
2808,2808,2321,所有者
2809,2809,2322,所有者
2810,2810,2323,所有者
2811,2811,2324,所有者
2812,2812,2325,所有者
2813,2813,2326,所有者
2814,2814,2327,所有者
2815,2815,2328,所有者
2816,2816,2328,用户
2817,2817,2329,所有者
2818,2818,2330,所有者
2819,2819,2331,所有者
2820,2820,2332,所有者
2821,2821,2333,所有者
2822,2822,2334,所有者
2823,2823,2335,所有者
2824,2824,2336,所有者
2825,2825,2337,所有者
2826,2826,2338,所有者
2827,2827,2339,所有者
2828,2828,2340,所有者
2829,2829,2341,所有者
2830,2830,2342,所有者
2831,2831,2343,所有者
2832,2832,2344,所有者
2833,2833,2344,用户
2834,2834,2345,所有者
2835,2835,2346,所有者
2836,2836,2347,所有者
2837,2837,2347,用户
2838,2838,2348,所有者
2839,2839,2349,所有者
2840,2840,2349,用户
2841,2841,2350,所有者
2842,2842,2351,所有者
2843,2843,2352,所有者
2844,2844,2353,所有者
2845,2845,2354,所有者
2846,2846,2355,所有者
2847,2847,2356,所有者
2848,2848,2356,用户
2849,2849,2357,所有者
2850,2850,2358,所有者
2851,2851,2359,所有者
2852,2852,2360,所有者
2853,2853,2361,所有者
2854,2854,2362,所有者
2855,2855,2362,用户
2856,2856,2363,所有者
2857,2857,2364,所有者
2858,2858,2365,所有者
2859,2859,2366,所有者
2860,2860,2367,所有者
2862,2862,2369,所有者
2863,2863,2369,用户
2864,2864,2370,所有者
2865,2865,2371,所有者
2866,2866,2371,用户
2867,2867,2372,所有者
2868,2868,2373,所有者
2869,2869,2374,所有者
2870,2870,2375,所有者
2871,2871,2376,所有者
2872,2872,2377,所有者
2873,2873,2378,所有者
2874,2874,2379,所有者
2875,2875,2380,所有者
2876,2876,2381,所有者
2877,2877,2382,所有者
2878,2878,2383,所有者
2879,2879,2384,所有者
2880,2880,2385,所有者
2881,2881,2386,所有者
2882,2882,2387,所有者
2883,2883,2388,所有者
2884,2884,2389,所有者
2885,2885,2390,所有者
2886,2886,2390,用户
2887,2887,2391,所有者
2888,2888,2392,所有者
2889,2889,2393,所有者
2890,2890,2394,所有者
2891,2891,2394,用户
2892,2892,2395,所有者
2893,2893,2396,所有者
2894,2894,2397,所有者
2895,2895,2398,所有者
2896,2896,2399,所有者
2897,2897,2400,所有者
2898,2898,2400,用户
2899,2899,2401,所有者
2900,2900,2402,所有者
2901,2901,2403,所有者
2902,2902,2404,所有者
2903,2903,2404,用户
2904,2904,2405,所有者
2905,2905,2405,用户
2906,2906,2406,所有者
2907,2907,2406,用户
2908,2908,2407,所有者
2909,2909,2408,所有者
2910,2910,2409,所有者
2911,2911,2410,所有者
2912,2912,2410,用户
2913,2913,2411,所有者
2915,2915,2413,所有者
2916,2916,2414,所有者
2917,2917,2415,所有者
2918,2918,2416,所有者
2919,2919,2416,用户
2920,2920,2417,所有者
2921,2921,2418,所有者
2922,2922,2419,所有者
2923,2923,2420,所有者
2924,2924,2421,所有者
2925,2925,2421,用户
2926,2926,2422,所有者
2927,2927,2422,用户
2928,2928,2423,所有者
2929,2929,2424,所有者
2930,2930,2425,所有者
2932,2932,2427,所有者
2933,2933,2428,所有者
2934,2934,2428,用户
2935,2935,2429,所有者
2936,2936,2430,所有者
2937,2937,2431,所有者
2938,2938,2432,所有者
2939,2939,2433,所有者
2940,2940,2434,所有者
2941,2941,2435,所有者
2942,2942,2436,所有者
2943,2943,2437,所有者
2944,2944,2438,所有者
2945,2945,2439,所有者
2946,2946,2439,用户
2947,2947,2440,所有者
2948,2948,2441,所有者
2949,2949,2442,所有者
2950,2950,2443,所有者
2951,2951,2444,所有者
2952,2952,2445,所有者
2953,2953,2446,所有者
2954,2954,2447,所有者
2955,2955,2447,用户
2956,2956,2448,所有者
2957,2957,2449,所有者
2958,2958,2450,所有者
2959,2959,2451,所有者
2960,2960,2452,所有者
2961,2961,2452,用户
2962,2962,2453,所有者
2963,2963,2453,用户
2964,2964,2454,所有者
2965,2965,2455,所有者
2966,2966,2456,所有者
2967,2967,2457,所有者
2968,2968,2458,所有者
2969,2969,2459,所有者
2970,2970,2459,用户
2971,2971,2460,所有者
2972,2972,2461,所有者
2974,2974,2463,所有者
2975,2975,2464,所有者
2976,2976,2465,所有者
2977,2977,2466,所有者
2978,2978,2467,所有者
2979,2979,2468,所有者
2980,2980,2469,所有者
2981,2981,2470,所有者
2982,2982,2471,所有者
2983,2983,2471,用户
2984,2984,2472,所有者
2985,2985,2472,用户
2986,2986,2473,所有者
2987,2987,2473,用户
2988,2988,2474,所有者
2989,2989,2475,所有者
2990,2990,2476,所有者
2991,2991,2476,用户
2992,2992,2477,所有者
2994,2994,2479,所有者
2995,2995,2480,所有者
2996,2996,2481,所有者
2997,2997,2482,所有者
2998,2998,2483,所有者
2999,2999,2484,所有者
3000,3000,2485,所有者
3001,3001,2486,所有者
3002,3002,2487,所有者
3003,3003,2488,所有者
3004,3004,2488,用户
3005,3005,2489,所有者
3006,3006,2490,所有者
3007,3007,2491,所有者
3008,3008,2492,所有者
3009,3009,2493,所有者
3010,3010,2493,用户
3011,3011,2494,所有者
3012,3012,2495,所有者
3013,3013,2496,所有者
3014,3014,2496,用户
3015,3015,2497,所有者
3016,3016,2498,所有者
3017,3017,2499,所有者
3018,3018,2500,所有者
3019,3019,2501,所有者
3020,3020,2502,所有者
3021,3021,2503,所有者
3022,3022,2503,用户
3023,3023,2504,所有者
3024,3024,2505,所有者
3025,3025,2505,用户
3026,3026,2506,所有者
3027,3027,2507,所有者
3028,3028,2508,所有者
3029,3029,2509,所有者
3030,3030,2510,所有者
3031,3031,2511,所有者
3032,3032,2511,用户
3035,3035,2513,所有者
3036,3036,2514,所有者
3037,3037,2515,所有者
3038,3038,2516,所有者
3039,3039,2517,所有者
3041,3041,2519,所有者
3042,3042,2520,所有者
3043,3043,2521,所有者
3044,3044,2522,所有者
3045,3045,2523,所有者
3046,3046,2524,所有者
3047,3047,2525,所有者
3048,3048,2526,所有者
3049,3049,2527,所有者
3050,3050,2527,用户
3051,3051,2528,所有者
3054,3054,2530,所有者
3055,3055,2531,所有者
3056,3056,2532,所有者
3057,3057,2532,用户
3058,3058,2533,所有者
3059,3059,2534,所有者
3060,3060,2535,所有者
3061,3061,2535,用户
3062,3062,2536,所有者
3063,3063,2537,所有者
3064,3064,2538,所有者
3065,3065,2539,所有者
3066,3066,2540,所有者
3067,3067,2541,所有者
3068,3068,2541,用户
3069,3069,2542,所有者
3070,3070,2543,所有者
3071,3071,2544,所有者
3072,3072,2545,所有者
3073,3073,2545,用户
3074,3074,2546,所有者
3075,3075,2547,所有者
3076,3076,2548,所有者
3077,3077,2549,所有者
3078,3078,2549,用户
3079,3079,2550,所有者
3080,3080,2551,所有者
3081,3081,2551,用户
3082,3082,2552,所有者
3083,3083,2553,所有者
3084,3084,2554,所有者
3085,3085,2555,所有者
3086,3086,2555,用户
3087,3087,2556,所有者
3088,3088,2557,所有者
3089,3089,2558,所有者
3090,3090,2559,所有者
3091,3091,2560,所有者
3092,3092,2561,所有者
3093,3093,2562,所有者
3094,3094,2563,所有者
3095,3095,2564,所有者
3096,3096,2565,所有者
3097,3097,2566,所有者
3098,3098,2567,所有者
3099,3099,2568,所有者
3100,3100,2569,所有者
3101,3101,2570,所有者
3102,3102,2571,所有者
3103,3103,2572,所有者
3104,3104,2573,所有者
3105,3105,2574,所有者
3106,3106,2575,所有者
3107,3107,2576,所有者
3108,3108,2576,用户
3109,3109,2577,所有者
3110,3110,2578,所有者
3111,3111,2578,用户
3112,3112,2579,所有者
3113,3113,2580,所有者
3114,3114,2580,用户
3115,3115,2581,所有者
3116,3116,2582,所有者
3117,3117,2583,所有者
3118,3118,2583,用户
3119,3119,2584,所有者
3120,3120,2585,所有者
3121,3121,2586,所有者
3122,3122,2586,用户
3123,3123,2587,所有者
3124,3124,2588,所有者
3125,3125,2589,所有者
3126,3126,2590,所有者
3127,3127,2591,所有者
3128,3128,2592,所有者
3129,3129,2593,所有者
3130,3130,2594,所有者
3131,3131,2595,所有者
3132,3132,2596,所有者
3133,3133,2597,所有者
3134,3134,2598,所有者
3135,3135,2599,所有者
3136,3136,2600,所有者
3137,3137,2601,所有者
3138,3138,2601,用户
3139,3139,2602,所有者
3140,3140,2602,用户
3141,3141,2603,所有者
3142,3142,2604,所有者
3143,3143,2605,所有者
3144,3144,2606,所有者
3145,3145,2606,用户
3146,3146,2607,所有者
3147,3147,2608,所有者
3148,3148,2609,所有者
3149,3149,2609,用户
3150,3150,2610,所有者
3151,3151,2611,所有者
3152,3152,2612,所有者
3153,3153,2613,所有者
3154,3154,2613,用户
3155,3155,2614,所有者
3156,3156,2615,所有者
3157,3157,2616,所有者
3158,3158,2617,所有者
3159,3159,2618,所有者
3160,3160,2619,所有者
3161,3161,2620,所有者
3162,3162,2621,所有者
3163,3163,2622,所有者
3164,3164,2622,用户
3165,3165,2623,所有者
3166,3166,2624,所有者
3167,3167,2625,所有者
3170,3170,2627,所有者
3171,3171,2627,用户
3172,3172,2628,所有者
3173,3173,2629,所有者
3174,3174,2629,用户
3175,3175,2630,所有者
3176,3176,2631,所有者
3177,3177,2632,所有者
3178,3178,2633,所有者
3179,3179,2634,所有者
3180,3180,2634,用户
3181,3181,2635,所有者
3182,3182,2636,所有者
3183,3183,2637,所有者
3184,3184,2638,所有者
3185,3185,2639,所有者
3186,3186,2640,所有者
3187,3187,2641,所有者
3188,3188,2642,所有者
3190,3190,2644,所有者
3191,3191,2645,所有者
3192,3192,2646,所有者
3193,3193,2647,所有者
3194,3194,2648,所有者
3195,3195,2649,所有者
3196,3196,2650,所有者
3197,3197,2651,所有者
3198,3198,2651,用户
3199,3199,2652,所有者
3200,3200,2652,用户
3201,3201,2653,所有者
3202,3202,2654,所有者
3203,3203,2655,所有者
3204,3204,2655,用户
3205,3205,2656,所有者
3206,3206,2656,用户
3207,3207,2657,所有者
3208,3208,2658,所有者
3209,3209,2658,用户
3210,3210,2659,所有者
3211,3211,2660,所有者
3213,3213,2661,所有者
3214,3214,2662,所有者
3215,3215,2663,所有者
3216,3216,2664,所有者
3217,3217,2665,所有者
3218,3218,2666,所有者
3219,3219,2666,用户
3220,3220,2667,所有者
3221,3221,2667,用户
3222,3222,2668,所有者
3225,3225,2670,所有者
3226,3226,2671,所有者
3227,3227,2672,所有者
3228,3228,2673,所有者
3229,3229,2674,所有者
3230,3230,2675,所有者
3231,3231,2676,所有者
3232,3232,2677,所有者
3233,3233,2678,所有者
3234,3234,2679,所有者
3235,3235,2680,所有者
3236,3236,2681,所有者
3239,3239,2684,所有者
3240,3240,2685,所有者
3241,3241,2686,所有者
3242,3242,2686,用户
3243,3243,2687,所有者
3244,3244,2688,所有者
3245,3245,2689,所有者
3246,3246,2690,所有者
3247,3247,2691,所有者
3248,3248,2692,所有者
3249,3249,2693,所有者
3250,3250,2693,用户
3251,3251,2694,所有者
3252,3252,2694,用户
3253,3253,2695,所有者
3254,3254,2696,所有者
3255,3255,2697,所有者
3256,3256,2698,所有者
3257,3257,2699,所有者
3258,3258,2700,所有者
3259,3259,2701,所有者
3260,3260,2702,所有者
3261,3261,2702,用户
3262,3262,2703,所有者
3264,3264,2705,所有者
3265,3265,2706,所有者
3266,3266,2706,用户
3267,3267,2707,所有者
3268,3268,2708,所有者
3269,3269,2709,所有者
3270,3270,2710,所有者
3271,3271,2711,所有者
3272,3272,2712,所有者
3273,3273,2712,用户
3274,3274,2713,所有者
3275,3275,2713,用户
3276,3276,2714,所有者
3277,3277,2715,所有者
3278,3278,2715,用户
3279,3279,2716,所有者
3280,3280,2716,用户
3281,3281,2717,所有者
3282,3282,2718,所有者
3283,3283,2719,所有者
3284,3284,2720,所有者
3285,3285,2720,用户
3286,3286,2721,所有者
3287,3287,2721,用户
3288,3288,2722,所有者
3289,3289,2723,所有者
3290,3290,2724,所有者
3291,3291,2725,所有者
3292,3292,2726,所有者
3293,3293,2727,所有者
3294,3294,2728,所有者
3295,3295,2729,所有者
3296,3296,2730,所有者
3297,3297,2731,所有者
3298,3298,2732,所有者
3299,3299,2733,所有者
3300,3300,2734,所有者
3302,3302,2736,所有者
3303,3303,2736,用户
3304,3304,2737,所有者
3305,3305,2738,所有者
3306,3306,2739,所有者
3307,3307,2740,所有者
3308,3308,2741,所有者
3309,3309,2741,用户
3310,3310,2742,所有者
3311,3311,2743,所有者
3312,3312,2744,所有者
3313,3313,2745,所有者
3314,3314,2746,所有者
3315,3315,2746,用户
3316,3316,2747,所有者
3317,3317,2747,用户
3319,3319,2749,所有者
3320,3320,2749,用户
3321,3321,2750,所有者
3322,3322,2751,所有者
3323,3323,2752,所有者
3324,3324,2753,所有者
3325,3325,2753,用户
3326,3326,2754,所有者
3327,3327,2755,所有者
3328,3328,2756,所有者
3329,3329,2757,所有者
3330,3330,2757,用户
3331,3331,2758,所有者
3332,3332,2759,所有者
3333,3333,2760,所有者
3334,3334,2761,所有者
3335,3335,2762,所有者
3336,3336,2763,所有者
3337,3337,2764,所有者
3338,3338,2765,所有者
3339,3339,2766,所有者
3340,3340,2767,所有者
3341,3341,2767,用户
3342,3342,2768,所有者
3344,3344,2770,所有者
3345,3345,2771,所有者
3346,3346,2771,用户
3347,3347,2772,所有者
3348,3348,2773,所有者
3349,3349,2774,所有者
3350,3350,2775,所有者
3351,3351,2775,用户
3352,3352,2776,所有者
3353,3353,2776,用户
3354,3354,2777,所有者
3355,3355,2778,所有者
3356,3356,2779,所有者
3357,3357,2780,所有者
3358,3358,2781,所有者
3359,3359,2782,所有者
3360,3360,2783,所有者
3361,3361,2784,所有者
3365,3365,2787,所有者
3366,3366,2788,所有者
3367,3367,2788,用户
3368,3368,2789,所有者
3369,3369,2790,所有者
3370,3370,2791,所有者
3371,3371,2791,用户
3372,3372,2792,所有者
3373,3373,2793,所有者
3374,3374,2793,用户
3375,3375,2794,所有者
3376,3376,2795,所有者
3377,3377,2795,用户
3378,3378,2796,所有者
3379,3379,2796,用户
3380,3380,2797,所有者
3381,3381,2798,所有者
3382,3382,2799,所有者
3383,3383,2799,用户
3384,3384,2800,所有者
3385,3385,2801,所有者
3386,3386,2802,所有者
3387,3387,2803,所有者
3388,3388,2804,所有者
3389,3389,2805,所有者
3390,3390,2806,所有者
3391,3391,2807,所有者
3392,3392,2808,所有者
3393,3393,2809,所有者
3394,3394,2810,所有者
3395,3395,2811,所有者
3396,3396,2812,所有者
3397,3397,2813,所有者
3398,3398,2813,用户
3399,3399,2814,所有者
3402,3402,2816,所有者
3403,3403,2816,用户
3404,3404,2817,所有者
3405,3405,2818,所有者
3406,3406,2818,用户
3407,3407,2819,所有者
3408,3408,2819,用户
3409,3409,2820,所有者
3410,3410,2821,所有者
3412,3412,2823,所有者
3413,3413,2823,用户
3414,3414,2824,所有者
3415,3415,2825,所有者
3416,3416,2826,所有者
3417,3417,2826,用户
3418,3418,2827,所有者
3420,3420,2829,所有者
3421,3421,2830,所有者
3422,3422,2831,所有者
3423,3423,2832,所有者
3424,3424,2833,所有者
3425,3425,2834,所有者
3426,3426,2835,所有者
3427,3427,2836,所有者
3428,3428,2836,用户
3429,3429,2837,所有者
3430,3430,2838,所有者
3431,3431,2839,所有者
3432,3432,2840,所有者
3433,3433,2841,所有者
3434,3434,2841,用户
3435,3435,2842,所有者
3436,3436,2843,所有者
3437,3437,2843,用户
3438,3438,2844,所有者
3439,3439,2845,所有者
3440,3440,2846,所有者
3441,3441,2847,所有者
3443,3443,2849,所有者
3444,3444,2850,所有者
3445,3445,2851,所有者
3446,3446,2852,所有者
3447,3447,2853,所有者
3448,3448,2854,所有者
3449,3449,2855,所有者
3450,3450,2856,所有者
3451,3451,2857,所有者
3452,3452,2857,用户
3453,3453,2858,所有者
3454,3454,2859,所有者
3455,3455,2859,用户
3456,3456,2860,所有者
3457,3457,2861,所有者
3458,3458,2862,所有者
3459,3459,2863,所有者
3460,3460,2863,用户
3461,3461,2864,所有者
3462,3462,2864,用户
3463,3463,2865,所有者
3464,3464,2866,所有者
3465,3465,2867,所有者
3466,3466,2868,所有者
3467,3467,2868,用户
3468,3468,2869,所有者
3469,3469,2870,所有者
3470,3470,2871,所有者
3471,3471,2872,所有者
3472,3472,2873,所有者
3473,3473,2873,用户
3474,3474,2874,所有者
3475,3475,2875,所有者
3476,3476,2876,所有者
3477,3477,2877,所有者
3478,3478,2878,所有者
3479,3479,2878,用户
3480,3480,2879,所有者
3481,3481,2879,用户
3482,3482,2880,所有者
3483,3483,2881,所有者
3484,3484,2882,所有者
3485,3485,2883,所有者
3486,3486,2884,所有者
3487,3487,2885,所有者
3488,3488,2886,所有者
3489,3489,2887,所有者
3490,3490,2888,所有者
3491,3491,2888,用户
3492,3492,2889,所有者
3493,3493,2890,所有者
3494,3494,2891,所有者
3495,3495,2892,所有者
3496,3496,2892,用户
3497,3497,2893,所有者
3498,3498,2894,所有者
3499,3499,2895,所有者
3500,3500,2896,所有者
3501,3501,2897,所有者
3502,3502,2898,所有者
3503,3503,2898,用户
3504,3504,2899,所有者
3505,3505,2900,所有者
3506,3506,2901,所有者
3507,3507,2902,所有者
3508,3508,2903,所有者
3509,3509,2903,用户
3510,3510,2904,所有者
3511,3511,2905,所有者
3512,3512,2906,所有者
3513,3513,2907,所有者
3514,3514,2907,用户
3515,3515,2908,所有者
3516,3516,2909,所有者
3517,3517,2910,所有者
3518,3518,2911,所有者
3519,3519,2912,所有者
3520,3520,2913,所有者
3521,3521,2914,所有者
3522,3522,2915,所有者
3523,3523,2916,所有者
3524,3524,2917,所有者
3525,3525,2918,所有者
3526,3526,2918,用户
3527,3527,2919,所有者
3528,3528,2920,所有者
3529,3529,2921,所有者
3530,3530,2922,所有者
3531,3531,2923,所有者
3532,3532,2924,所有者
3533,3533,2925,所有者
3534,3534,2926,所有者
3535,3535,2927,所有者
3536,3536,2928,所有者
3537,3537,2929,所有者
3538,3538,2930,所有者
3539,3539,2931,所有者
3540,3540,2932,所有者
3541,3541,2932,用户
3542,3542,2933,所有者
3543,3543,2933,用户
3544,3544,2934,所有者
3545,3545,2935,所有者
3546,3546,2936,所有者
3547,3547,2937,所有者
3548,3548,2938,所有者
3549,3549,2939,所有者
3550,3550,2940,所有者
3552,3552,2942,所有者
3554,3554,2944,所有者
3555,3555,2944,用户
3556,3556,2945,所有者
3557,3557,2945,用户
3558,3558,2946,所有者
3559,3559,2947,所有者
3560,3560,2947,用户
3562,3562,2949,所有者
3563,3563,2949,用户
3564,3564,2950,所有者
3565,3565,2951,所有者
3566,3566,2952,所有者
3567,3567,2953,所有者
3568,3568,2954,所有者
3569,3569,2955,所有者
3570,3570,2956,所有者
3571,3571,2957,所有者
3572,3572,2958,所有者
3573,3573,2959,所有者
3574,3574,2960,所有者
3575,3575,2961,所有者
3576,3576,2962,所有者
3577,3577,2963,所有者
3578,3578,2964,所有者
3579,3579,2964,用户
3580,3580,2965,所有者
3581,3581,2966,所有者
3582,3582,2967,所有者
3583,3583,2968,所有者
3584,3584,2968,用户
3585,3585,2969,所有者
3586,3586,2970,所有者
3587,3587,2970,用户
3588,3588,2971,所有者
3589,3589,2972,所有者
3590,3590,2973,所有者
3591,3591,2974,所有者
3592,3592,2974,用户
3594,3594,2976,所有者
3595,3595,2977,所有者
3596,3596,2978,所有者
3597,3597,2979,所有者
3598,3598,2980,所有者
3599,3599,2980,用户
3600,3600,2981,所有者
3601,3601,2982,所有者
3602,3602,2982,用户
3603,3603,2983,所有者
3605,3605,2985,所有者
3606,3606,2986,所有者
3607,3607,2987,所有者
3608,3608,2988,所有者
3609,3609,2988,用户
3610,3610,2989,所有者
3611,3611,2990,所有者
3612,3612,2991,所有者
3613,3613,2991,用户
3614,3614,2992,所有者
3615,3615,2993,所有者
3616,3616,2994,所有者
3617,3617,2995,所有者
3618,3618,2996,所有者
3619,3619,2997,所有者
3620,3620,2998,所有者
3621,3621,2999,所有者
3622,3622,2999,用户
3623,3623,3000,所有者
3624,3624,3001,所有者
3627,3627,3003,所有者
3628,3628,3004,所有者
3629,3629,3005,所有者
3630,3630,3006,所有者
3631,3631,3006,用户
3632,3632,3007,所有者
3633,3633,3008,所有者
3634,3634,3009,所有者
3635,3635,3009,用户
3636,3636,3010,所有者
3637,3637,3011,所有者
3638,3638,3012,所有者
3639,3639,3013,所有者
3640,3640,3014,所有者
3641,3641,3014,用户
3642,3642,3015,所有者
3643,3643,3016,所有者
3644,3644,3017,所有者
3645,3645,3018,所有者
3646,3646,3019,所有者
3647,3647,3019,用户
3648,3648,3020,所有者
3649,3649,3021,所有者
3650,3650,3022,所有者
3651,3651,3023,所有者
3652,3652,3024,所有者
3653,3653,3024,用户
3654,3654,3025,所有者
3655,3655,3026,所有者
3656,3656,3027,所有者
3657,3657,3027,用户
3658,3658,3028,所有者
3659,3659,3029,所有者
3660,3660,3030,所有者
3661,3661,3031,所有者
3662,3662,3032,所有者
3663,3663,3033,所有者
3664,3664,3033,用户
3667,3667,3035,所有者
3668,3668,3035,用户
3669,3669,3036,所有者
3670,3670,3037,所有者
3671,3671,3038,所有者
3672,3672,3038,用户
3673,3673,3039,所有者
3674,3674,3040,所有者
3675,3675,3041,所有者
3676,3676,3042,所有者
3677,3677,3042,用户
3678,3678,3043,所有者
3679,3679,3044,所有者
3680,3680,3044,用户
3681,3681,3045,所有者
3682,3682,3045,用户
3683,3683,3046,所有者
3684,3684,3047,所有者
3685,3685,3048,所有者
3686,3686,3049,所有者
3687,3687,3050,所有者
3688,3688,3050,用户
3689,3689,3051,所有者
3690,3690,3052,所有者
3691,3691,3053,所有者
3693,3693,3055,所有者
3694,3694,3055,用户
3695,3695,3056,所有者
3696,3696,3056,用户
3697,3697,3057,所有者
3698,3698,3058,所有者
3699,3699,3059,所有者
3700,3700,3059,用户
3701,3701,3060,所有者
3702,3702,3061,所有者
3703,3703,3062,所有者
3704,3704,3063,所有者
3705,3705,3064,所有者
3707,3707,3066,所有者
3708,3708,3067,所有者
3709,3709,3067,用户
3710,3710,3068,所有者
3711,3711,3069,所有者
3712,3712,3070,所有者
3713,3713,3071,所有者
3714,3714,3072,所有者
3716,3716,3074,所有者
3717,3717,3075,所有者
3718,3718,3075,用户
3719,3719,3076,所有者
3720,3720,3076,用户
3721,3721,3077,所有者
3722,3722,3078,所有者
3723,3723,3079,所有者
3724,3724,3080,所有者
3727,3727,3082,所有者
3728,3728,3083,所有者
3729,3729,3083,用户
3730,3730,3084,所有者
3732,3732,3085,所有者
3733,3733,3086,所有者
3734,3734,3087,所有者
3735,3735,3088,所有者
3736,3736,3088,用户
3737,3737,3089,所有者
3738,3738,3090,所有者
3739,3739,3091,所有者
3740,3740,3092,所有者
3741,3741,3093,所有者
3742,3742,3094,所有者
3743,3743,3094,用户
3745,3745,3096,所有者
3746,3746,3097,所有者
3747,3747,3098,所有者
3748,3748,3099,所有者
3749,3749,3100,所有者
3750,3750,3101,所有者
3751,3751,3102,所有者
3752,3752,3102,用户
3753,3753,3103,所有者
3754,3754,3104,所有者
3755,3755,3105,所有者
3756,3756,3106,所有者
3757,3757,3107,所有者
3758,3758,3108,所有者
3759,3759,3108,用户
3760,3760,3109,所有者
3761,3761,3110,所有者
3762,3762,3111,所有者
3763,3763,3112,所有者
3764,3764,3112,用户
3765,3765,3113,所有者
3766,3766,3114,所有者
3767,3767,3115,所有者
3768,3768,3115,用户
3769,3769,3116,所有者
3770,3770,3117,所有者
3771,3771,3118,所有者
3772,3772,3118,用户
3773,3773,3119,所有者
3774,3774,3120,所有者
3775,3775,3121,所有者
3776,3776,3122,所有者
3777,3777,3122,用户
3779,3779,3124,所有者
3780,3780,3125,所有者
3781,3781,3126,所有者
3782,3782,3127,所有者
3783,3783,3128,所有者
3784,3784,3128,用户
3785,3785,3129,所有者
3786,3786,3130,所有者
3787,3787,3131,所有者
3788,3788,3132,所有者
3789,3789,3133,所有者
3790,3790,3134,所有者
3791,3791,3135,所有者
3792,3792,3136,所有者
3793,3793,3137,所有者
3794,3794,3138,所有者
3795,3795,3139,所有者
3796,3796,3140,所有者
3797,3797,3140,用户
3798,3798,3141,所有者
3799,3799,3142,所有者
3800,3800,3143,所有者
3801,3801,3143,用户
3802,3802,3144,所有者
3803,3803,3145,所有者
3804,3804,3145,用户
3805,3805,3146,所有者
3806,3806,3147,所有者
3807,3807,3148,所有者
3808,3808,3149,所有者
3811,3811,3151,所有者
3812,3812,3152,所有者
3813,3813,3153,所有者
3814,3814,3154,所有者
3815,3815,3155,所有者
3816,3816,3156,所有者
3817,3817,3157,所有者
3818,3818,3158,所有者
3819,3819,3158,用户
3821,3821,3160,所有者
3822,3822,3161,所有者
3823,3823,3162,所有者
3824,3824,3163,所有者
3825,3825,3163,用户
3826,3826,3164,所有者
3827,3827,3164,用户
3829,3829,3166,所有者
3830,3830,3167,所有者
3831,3831,3168,所有者
3832,3832,3168,用户
3833,3833,3169,所有者
3834,3834,3170,所有者
3835,3835,3171,所有者
3836,3836,3172,所有者
3837,3837,3173,所有者
3838,3838,3174,所有者
3839,3839,3174,用户
3840,3840,3175,所有者
3841,3841,3176,所有者
3842,3842,3177,所有者
3843,3843,3178,所有者
3844,3844,3179,所有者
3845,3845,3180,所有者
3846,3846,3181,所有者
3847,3847,3182,所有者
3848,3848,3183,所有者
3849,3849,3184,所有者
3850,3850,3185,所有者
3851,3851,3185,用户
3852,3852,3186,所有者
3853,3853,3187,所有者
3854,3854,3188,所有者
3855,3855,3189,所有者
3856,3856,3190,所有者
3857,3857,3191,所有者
3858,3858,3192,所有者
3859,3859,3192,用户
3860,3860,3193,所有者
3861,3861,3194,所有者
3862,3862,3195,所有者
3863,3863,3196,所有者
3864,3864,3196,用户
3865,3865,3197,所有者
3866,3866,3197,用户
3868,3868,3199,所有者
3869,3869,3200,所有者
3870,3870,3201,所有者
3871,3871,3201,用户
3872,3872,3202,所有者
3873,3873,3203,所有者
3874,3874,3204,所有者
3875,3875,3205,所有者
3876,3876,3205,用户
3877,3877,3206,所有者
3880,3880,3208,所有者
3881,3881,3209,所有者
3882,3882,3209,用户
3883,3883,3210,所有者
3884,3884,3211,所有者
3885,3885,3212,所有者
3886,3886,3213,所有者
3887,3887,3214,所有者
3888,3888,3214,用户
3890,3890,3216,所有者
3891,3891,3217,所有者
3892,3892,3218,所有者
3893,3893,3219,所有者
3894,3894,3220,所有者
3895,3895,3220,用户
3896,3896,3221,所有者
3897,3897,3222,所有者
3898,3898,3223,所有者
3899,3899,3224,所有者
3900,3900,3225,所有者
3901,3901,3225,用户
3902,3902,3226,所有者
3903,3903,3227,所有者
3904,3904,3228,所有者
3905,3905,3228,用户
3906,3906,3229,所有者
3907,3907,3230,所有者
3908,3908,3231,所有者
3909,3909,3231,用户
3910,3910,3232,所有者
3911,3911,3233,所有者
3912,3912,3234,所有者
3913,3913,3235,所有者
3914,3914,3236,所有者
3915,3915,3237,所有者
3916,3916,3238,所有者
3917,3917,3238,用户
3918,3918,3239,所有者
3919,3919,3240,所有者
3920,3920,3241,所有者
3921,3921,3242,所有者
3922,3922,3243,所有者
3923,3923,3243,用户
3924,3924,3244,所有者
3925,3925,3245,所有者
3926,3926,3246,所有者
3927,3927,3247,所有者
3928,3928,3248,所有者
3929,3929,3249,所有者
3930,3930,3250,所有者
3931,3931,3250,用户
3932,3932,3251,所有者
3933,3933,3251,用户
3934,3934,3252,所有者
3935,3935,3253,所有者
3936,3936,3254,所有者
3937,3937,3254,用户
3938,3938,3255,所有者
3939,3939,3256,所有者
3942,3942,3258,所有者
3943,3943,3259,所有者
3944,3944,3260,所有者
3945,3945,3260,用户
3946,3946,3261,所有者
3947,3947,3262,所有者
3948,3948,3263,所有者
3949,3949,3263,用户
3950,3950,3264,所有者
3951,3951,3264,用户
3952,3952,3265,所有者
3953,3953,3266,所有者
3954,3954,3267,所有者
3955,3955,3267,用户
3956,3956,3268,所有者
3957,3957,3268,用户
3958,3958,3269,所有者
3959,3959,3270,所有者
3960,3960,3271,所有者
3961,3961,3272,所有者
3962,3962,3273,所有者
3963,3963,3274,所有者
3964,3964,3275,所有者
3965,3965,3276,所有者
3966,3966,3276,用户
3967,3967,3277,所有者
3968,3968,3277,用户
3969,3969,3278,所有者
3970,3970,3279,所有者
3971,3971,3280,所有者
3972,3972,3281,所有者
3973,3973,3282,所有者
3974,3974,3283,所有者
3975,3975,3284,所有者
3976,3976,3285,所有者
3977,3977,3286,所有者
3978,3978,3287,所有者
3979,3979,3288,所有者
3980,3980,3289,所有者
3981,3981,3290,所有者
3982,3982,3291,所有者
3983,3983,3292,所有者
3984,3984,3293,所有者
3985,3985,3294,所有者
3987,3987,3296,所有者
3988,3988,3297,所有者
3989,3989,3297,用户
3990,3990,3298,所有者
3991,3991,3299,所有者
3992,3992,3300,所有者
3993,3993,3301,所有者
3994,3994,3302,所有者
3995,3995,3303,所有者
3996,3996,3304,所有者
3997,3997,3305,所有者
3998,3998,3306,所有者
3999,3999,3307,所有者
4000,4000,3308,所有者
4001,4001,3309,所有者
4002,4002,3310,所有者
4003,4003,3311,所有者
4004,4004,3312,所有者
4006,4006,3314,所有者
4007,4007,3315,所有者
4008,4008,3315,用户
4009,4009,3316,所有者
4010,4010,3317,所有者
4011,4011,3318,所有者
4012,4012,3319,所有者
4013,4013,3320,所有者
4014,4014,3321,所有者
4015,4015,3322,所有者
4016,4016,3323,所有者
4017,4017,3323,用户
4018,4018,3324,所有者
4019,4019,3325,所有者
4020,4020,3326,所有者
4021,4021,3327,所有者
4022,4022,3328,所有者
4023,4023,3328,用户
4024,4024,3329,所有者
4025,4025,3329,用户
4026,4026,3330,所有者
4027,4027,3331,所有者
4028,4028,3331,用户
4029,4029,3332,所有者
4030,4030,3333,所有者
4031,4031,3334,所有者
4032,4032,3335,所有者
4033,4033,3336,所有者
4034,4034,3337,所有者
4035,4035,3337,用户
4036,4036,3338,所有者
4037,4037,3339,所有者
4040,4040,3342,所有者
4041,4041,3342,用户
4042,4042,3343,所有者
4043,4043,3344,所有者
4044,4044,3345,所有者
4046,4046,3346,所有者
4047,4047,3346,用户
4048,4048,3347,所有者
4049,4049,3348,所有者
4050,4050,3349,所有者
4051,4051,3350,所有者
4052,4052,3350,用户
4053,4053,3351,所有者
4054,4054,3352,所有者
4055,4055,3353,所有者
4056,4056,3354,所有者
4057,4057,3355,所有者
4059,4059,3357,所有者
4060,4060,3358,所有者
4061,4061,3359,所有者
4062,4062,3360,所有者
4063,4063,3361,所有者
4064,4064,3361,用户
4065,4065,3362,所有者
4066,4066,3363,所有者
4067,4067,3364,所有者
4068,4068,3365,所有者
4069,4069,3366,所有者
4070,4070,3366,用户
4071,4071,3367,所有者
4072,4072,3367,用户
4073,4073,3368,所有者
4074,4074,3368,用户
4075,4075,3369,所有者
4076,4076,3370,所有者
4077,4077,3371,所有者
4078,4078,3372,所有者
4079,4079,3373,所有者
4080,4080,3374,所有者
4081,4081,3375,所有者
4082,4082,3376,所有者
4083,4083,3377,所有者
4084,4084,3378,所有者
4085,4085,3378,用户
4086,4086,3379,所有者
4087,4087,3380,所有者
4088,4088,3381,所有者
4089,4089,3381,用户
4090,4090,3382,所有者
4091,4091,3383,所有者
4092,4092,3384,所有者
4093,4093,3385,所有者
4094,4094,3386,所有者
4095,4095,3387,所有者
4096,4096,3387,用户
4098,4098,3389,所有者
4099,4099,3390,所有者
4100,4100,3391,所有者
4101,4101,3392,所有者
4102,4102,3393,所有者
4103,4103,3393,用户
4104,4104,3394,所有者
4105,4105,3395,所有者
4106,4106,3396,所有者
4107,4107,3397,所有者
4108,4108,3398,所有者
4109,4109,3399,所有者
4112,4112,3401,所有者
4113,4113,3402,所有者
4114,4114,3403,所有者
4115,4115,3404,所有者
4116,4116,3405,所有者
4117,4117,3406,所有者
4118,4118,3407,所有者
4119,4119,3408,所有者
4120,4120,3408,用户
4121,4121,3409,所有者
4122,4122,3410,所有者
4123,4123,3410,用户
4124,4124,3411,所有者
4125,4125,3412,所有者
4126,4126,3413,所有者
4127,4127,3413,用户
4129,4129,3415,所有者
4131,4131,3417,所有者
4132,4132,3418,所有者
4133,4133,3418,用户
4134,4134,3419,所有者
4136,4136,3421,所有者
4137,4137,3422,所有者
4138,4138,3423,所有者
4139,4139,3424,所有者
4140,4140,3425,所有者
4141,4141,3426,所有者
4142,4142,3427,所有者
4143,4143,3428,所有者
4144,4144,3428,用户
4145,4145,3429,所有者
4146,4146,3430,所有者
4147,4147,3431,所有者
4148,4148,3431,用户
4149,4149,3432,所有者
4150,4150,3432,用户
4151,4151,3433,所有者
4152,4152,3433,用户
4153,4153,3434,所有者
4154,4154,3434,用户
4155,4155,3435,所有者
4156,4156,3436,所有者
4157,4157,3437,所有者
4158,4158,3438,所有者
4159,4159,3438,用户
4160,4160,3439,所有者
4161,4161,3440,所有者
4163,4163,3442,所有者
4164,4164,3443,所有者
4165,4165,3444,所有者
4166,4166,3445,所有者
4167,4167,3446,所有者
4169,4169,3448,所有者
4170,4170,3448,用户
4171,4171,3449,所有者
4172,4172,3450,所有者
4173,4173,3451,所有者
4174,4174,3452,所有者
4175,4175,3453,所有者
4176,4176,3454,所有者
4177,4177,3455,所有者
4178,4178,3456,所有者
4179,4179,3457,所有者
4180,4180,3458,所有者
4181,4181,3459,所有者
4182,4182,3460,所有者
4183,4183,3460,用户
4184,4184,3461,所有者
4185,4185,3462,所有者
4186,4186,3463,所有者
4187,4187,3464,所有者
4188,4188,3465,所有者
4189,4189,3466,所有者
4190,4190,3467,所有者
4191,4191,3468,所有者
4192,4192,3469,所有者
4193,4193,3470,所有者
4194,4194,3471,所有者
4195,4195,3471,用户
4196,4196,3472,所有者
4198,4198,3474,所有者
4199,4199,3474,用户
4201,4201,3476,所有者
4202,4202,3476,用户
4203,4203,3477,所有者
4204,4204,3477,用户
4205,4205,3478,所有者
4206,4206,3479,所有者
4207,4207,3480,所有者
4209,4209,3482,所有者
4210,4210,3483,所有者
4211,4211,3484,所有者
4212,4212,3485,所有者
4213,4213,3486,所有者
4214,4214,3486,用户
4215,4215,3487,所有者
4217,4217,3489,所有者
4218,4218,3490,所有者
4219,4219,3491,所有者
4220,4220,3492,所有者
4221,4221,3493,所有者
4222,4222,3494,所有者
4223,4223,3495,所有者
4224,4224,3496,所有者
4225,4225,3497,所有者
4226,4226,3498,所有者
4227,4227,3499,所有者
4229,4229,3501,所有者
4230,4230,3502,所有者
4231,4231,3503,所有者
4232,4232,3504,所有者
4233,4233,3505,所有者
4234,4234,3506,所有者
4235,4235,3507,所有者
4236,4236,3508,所有者
4237,4237,3509,所有者
4238,4238,3510,所有者
4239,4239,3511,所有者
4240,4240,3512,所有者
4241,4241,3513,所有者
4242,4242,3513,用户
4243,4243,3514,所有者
4244,4244,3515,所有者
4245,4245,3515,用户
4246,4246,3516,所有者
4247,4247,3517,所有者
4248,4248,3518,所有者
4249,4249,3519,所有者
4250,4250,3520,所有者
4251,4251,3521,所有者
4252,4252,3521,用户
4253,4253,3522,所有者
4254,4254,3523,所有者
4255,4255,3524,所有者
4256,4256,3525,所有者
4257,4257,3526,所有者
4258,4258,3527,所有者
4259,4259,3528,所有者
4260,4260,3529,所有者
4261,4261,3530,所有者
4262,4262,3531,所有者
4263,4263,3532,所有者
4264,4264,3533,所有者
4265,4265,3534,所有者
4266,4266,3535,所有者
4267,4267,3536,所有者
4268,4268,3536,用户
4269,4269,3537,所有者
4270,4270,3538,所有者
4271,4271,3538,用户
4272,4272,3539,所有者
4273,4273,3540,所有者
4274,4274,3541,所有者
4275,4275,3542,所有者
4276,4276,3543,所有者
4277,4277,3543,用户
4278,4278,3544,所有者
4279,4279,3545,所有者
4280,4280,3546,所有者
4281,4281,3547,所有者
4282,4282,3548,所有者
4283,4283,3549,所有者
4284,4284,3550,所有者
4285,4285,3550,用户
4286,4286,3551,所有者
4287,4287,3552,所有者
4288,4288,3553,所有者
4289,4289,3554,所有者
4290,4290,3555,所有者
4291,4291,3556,所有者
4292,4292,3557,所有者
4293,4293,3558,所有者
4294,4294,3558,用户
4295,4295,3559,所有者
4296,4296,3560,所有者
4297,4297,3560,用户
4298,4298,3561,所有者
4299,4299,3562,所有者
4300,4300,3563,所有者
4301,4301,3564,所有者
4302,4302,3565,所有者
4303,4303,3566,所有者
4304,4304,3567,所有者
4305,4305,3568,所有者
4306,4306,3568,用户
4307,4307,3569,所有者
4308,4308,3570,所有者
4309,4309,3571,所有者
4310,4310,3572,所有者
4311,4311,3573,所有者
4312,4312,3574,所有者
4313,4313,3575,所有者
4314,4314,3576,所有者
4315,4315,3577,所有者
4316,4316,3578,所有者
4317,4317,3579,所有者
4318,4318,3580,所有者
4319,4319,3580,用户
4320,4320,3581,所有者
4321,4321,3582,所有者
4322,4322,3582,用户
4323,4323,3583,所有者
4324,4324,3583,用户
4325,4325,3584,所有者
4326,4326,3585,所有者
4327,4327,3585,用户
4328,4328,3586,所有者
4329,4329,3587,所有者
4330,4330,3588,所有者
4331,4331,3589,所有者
4332,4332,3590,所有者
4333,4333,3591,所有者
4334,4334,3591,用户
4335,4335,3592,所有者
4336,4336,3593,所有者
4337,4337,3594,所有者
4338,4338,3595,所有者
4339,4339,3596,所有者
4340,4340,3597,所有者
4341,4341,3598,所有者
4342,4342,3599,所有者
4343,4343,3600,所有者
4344,4344,3601,所有者
4345,4345,3602,所有者
4346,4346,3603,所有者
4347,4347,3604,所有者
4348,4348,3605,所有者
4349,4349,3606,所有者
4350,4350,3606,用户
4352,4352,3608,所有者
4353,4353,3609,所有者
4354,4354,3609,用户
4355,4355,3610,所有者
4358,4358,3612,所有者
4359,4359,3613,所有者
4360,4360,3614,所有者
4361,4361,3615,所有者
4362,4362,3616,所有者
4363,4363,3616,用户
4364,4364,3617,所有者
4365,4365,3618,所有者
4367,4367,3620,所有者
4368,4368,3621,所有者
4369,4369,3622,所有者
4370,4370,3623,所有者
4371,4371,3624,所有者
4372,4372,3625,所有者
4373,4373,3626,所有者
4376,4376,3628,所有者
4377,4377,3629,所有者
4380,4380,3631,所有者
4381,4381,3632,所有者
4382,4382,3633,所有者
4383,4383,3634,所有者
4384,4384,3635,所有者
4385,4385,3636,所有者
4386,4386,3637,所有者
4387,4387,3638,所有者
4388,4388,3639,所有者
4389,4389,3640,所有者
4390,4390,3641,所有者
4393,4393,3643,所有者
4394,4394,3644,所有者
4395,4395,3645,所有者
4396,4396,3646,所有者
4397,4397,3646,用户
4398,4398,3647,所有者
4399,4399,3648,所有者
4400,4400,3649,所有者
4401,4401,3650,所有者
4402,4402,3651,所有者
4403,4403,3652,所有者
4404,4404,3653,所有者
4405,4405,3654,所有者
4406,4406,3655,所有者
4407,4407,3656,所有者
4408,4408,3657,所有者
4409,4409,3657,用户
4410,4410,3658,所有者
4411,4411,3659,所有者
4412,4412,3659,用户
4413,4413,3660,所有者
4414,4414,3661,所有者
4415,4415,3662,所有者
4416,4416,3663,所有者
4417,4417,3664,所有者
4418,4418,3665,所有者
4420,4420,3667,所有者
4421,4421,3668,所有者
4422,4422,3669,所有者
4423,4423,3670,所有者
4424,4424,3671,所有者
4425,4425,3671,用户
4426,4426,3672,所有者
4427,4427,3673,所有者
4428,4428,3674,所有者
4429,4429,3675,所有者
4430,4430,3675,用户
4431,4431,3676,所有者
4432,4432,3677,所有者
4433,4433,3678,所有者
4434,4434,3679,所有者
4435,4435,3679,用户
4436,4436,3680,所有者
4437,4437,3681,所有者
4438,4438,3681,用户
4439,4439,3682,所有者
4440,4440,3683,所有者
4441,4441,3683,用户
4442,4442,3684,所有者
4444,4444,3686,所有者
4445,4445,3686,用户
4446,4446,3687,所有者
4447,4447,3687,用户
4448,4448,3688,所有者
4449,4449,3689,所有者
4450,4450,3690,所有者
4451,4451,3691,所有者
4452,4452,3692,所有者
4453,4453,3693,所有者
4454,4454,3693,用户
4455,4455,3694,所有者
4456,4456,3695,所有者
4457,4457,3696,所有者
4458,4458,3697,所有者
4459,4459,3698,所有者
4460,4460,3698,用户
4461,4461,3699,所有者
4462,4462,3700,所有者
4463,4463,3701,所有者
4464,4464,3702,所有者
4465,4465,3703,所有者
4466,4466,3704,所有者
4467,4467,3705,所有者
4468,4468,3705,用户
4469,4469,3706,所有者
4471,4471,3708,所有者
4472,4472,3709,所有者
4473,4473,3710,所有者
4474,4474,3711,所有者
4476,4476,3712,所有者
4477,4477,3713,所有者
4478,4478,3713,用户
4479,4479,3714,所有者
4480,4480,3715,所有者
4481,4481,3716,所有者
4482,4482,3717,所有者
4483,4483,3718,所有者
4484,4484,3719,所有者
4485,4485,3720,所有者
4486,4486,3720,用户
4487,4487,3721,所有者
4488,4488,3721,用户
4489,4489,3722,所有者
4490,4490,3722,用户
4491,4491,3723,所有者
4492,4492,3724,所有者
4493,4493,3725,所有者
4494,4494,3726,所有者
4495,4495,3727,所有者
4496,4496,3728,所有者
4497,4497,3728,用户
4498,4498,3729,所有者
4499,4499,3729,用户
4500,4500,3730,所有者
4501,4501,3731,所有者
4502,4502,3732,所有者
4503,4503,3732,用户
4504,4504,3733,所有者
4505,4505,3733,用户
4506,4506,3734,所有者
4507,4507,3735,所有者
4508,4508,3736,所有者
4509,4509,3736,用户
4510,4510,3737,所有者
4511,4511,3738,所有者
4512,4512,3739,所有者
4514,4514,3741,所有者
4515,4515,3742,所有者
4516,4516,3743,所有者
4518,4518,3745,所有者
4519,4519,3746,所有者
4520,4520,3747,所有者
4521,4521,3748,所有者
4522,4522,3749,所有者
4523,4523,3749,用户
4524,4524,3750,所有者
4525,4525,3750,用户
4526,4526,3751,所有者
4527,4527,3752,所有者
4528,4528,3753,所有者
4529,4529,3754,所有者
4530,4530,3754,用户
4531,4531,3755,所有者
4532,4532,3756,所有者
4533,4533,3757,所有者
4534,4534,3758,所有者
4535,4535,3759,所有者
4536,4536,3760,所有者
4539,4539,3763,所有者
4540,4540,3764,所有者
4541,4541,3765,所有者
4542,4542,3766,所有者
4543,4543,3767,所有者
4544,4544,3768,所有者
4545,4545,3769,所有者
4546,4546,3770,所有者
4547,4547,3771,所有者
4548,4548,3772,所有者
4549,4549,3773,所有者
4550,4550,3774,所有者
4551,4551,3775,所有者
4552,4552,3775,用户
4553,4553,3776,所有者
4554,4554,3777,所有者
4555,4555,3778,所有者
4556,4556,3779,所有者
4557,4557,3780,所有者
4558,4558,3780,用户
4559,4559,3781,所有者
4560,4560,3782,所有者
4561,4561,3783,所有者
4562,4562,3784,所有者
4563,4563,3785,所有者
4564,4564,3785,用户
4565,4565,3786,所有者
4567,4567,3787,所有者
4568,4568,3788,所有者
4569,4569,3789,所有者
4570,4570,3790,所有者
4571,4571,3791,所有者
4572,4572,3792,所有者
4573,4573,3793,所有者
4574,4574,3794,所有者
4575,4575,3795,所有者
4576,4576,3796,所有者
4577,4577,3797,所有者
4578,4578,3798,所有者
4579,4579,3799,所有者
4580,4580,3800,所有者
4581,4581,3801,所有者
4582,4582,3802,所有者
4583,4583,3803,所有者
4584,4584,3804,所有者
4585,4585,3805,所有者
4586,4586,3805,用户
4587,4587,3806,所有者
4588,4588,3807,所有者
4589,4589,3808,所有者
4590,4590,3809,所有者
4591,4591,3810,所有者
4592,4592,3811,所有者
4593,4593,3812,所有者
4594,4594,3813,所有者
4595,4595,3813,用户
4596,4596,3814,所有者
4597,4597,3815,所有者
4598,4598,3816,所有者
4599,4599,3816,用户
4600,4600,3817,所有者
4601,4601,3818,所有者
4602,4602,3818,用户
4603,4603,3819,所有者
4604,4604,3820,所有者
4605,4605,3821,所有者
4606,4606,3822,所有者
4607,4607,3823,所有者
4608,4608,3824,所有者
4609,4609,3825,所有者
4610,4610,3826,所有者
4611,4611,3827,所有者
4612,4612,3828,所有者
4615,4615,3830,所有者
4617,4617,3832,所有者
4618,4618,3832,用户
4619,4619,3833,所有者
4620,4620,3834,所有者
4621,4621,3834,用户
4622,4622,3835,所有者
4623,4623,3836,所有者
4624,4624,3837,所有者
4625,4625,3837,用户
4626,4626,3838,所有者
4627,4627,3839,所有者
4628,4628,3839,用户
4629,4629,3840,所有者
4630,4630,3840,用户
4631,4631,3841,所有者
4632,4632,3842,所有者
4633,4633,3843,所有者
4634,4634,3844,所有者
4635,4635,3844,用户
4636,4636,3845,所有者
4637,4637,3846,所有者
4638,4638,3847,所有者
4639,4639,3848,所有者
4640,4640,3849,所有者
4641,4641,3850,所有者
4642,4642,3850,用户
4643,4643,3851,所有者
4644,4644,3852,所有者
4647,4647,3854,所有者
4648,4648,3855,所有者
4649,4649,3856,所有者
4650,4650,3857,所有者
4651,4651,3858,所有者
4652,4652,3859,所有者
4653,4653,3860,所有者
4654,4654,3861,所有者
4655,4655,3861,用户
4656,4656,3862,所有者
4657,4657,3863,所有者
4658,4658,3864,所有者
4659,4659,3865,所有者
4660,4660,3866,所有者
4661,4661,3867,所有者
4662,4662,3868,所有者
4663,4663,3869,所有者
4664,4664,3870,所有者
4665,4665,3871,所有者
4666,4666,3871,用户
4667,4667,3872,所有者
4668,4668,3872,用户
4670,4670,3874,所有者
4671,4671,3874,用户
4672,4672,3875,所有者
4673,4673,3876,所有者
4674,4674,3877,所有者
4675,4675,3878,所有者
4677,4677,3880,所有者
4678,4678,3881,所有者
4679,4679,3882,所有者
4680,4680,3883,所有者
4681,4681,3884,所有者
4682,4682,3884,用户
4683,4683,3885,所有者
4684,4684,3886,所有者
4685,4685,3887,所有者
4686,4686,3888,所有者
4687,4687,3889,所有者
4688,4688,3889,用户
4689,4689,3890,所有者
4690,4690,3891,所有者
4691,4691,3891,用户
4692,4692,3892,所有者
4693,4693,3893,所有者
4694,4694,3893,用户
4695,4695,3894,所有者
4696,4696,3894,用户
4697,4697,3895,所有者
4698,4698,3896,所有者
4699,4699,3897,所有者
4700,4700,3898,所有者
4701,4701,3899,所有者
4704,4704,3901,所有者
4705,4705,3902,所有者
4706,4706,3903,所有者
4707,4707,3903,用户
4708,4708,3904,所有者
4709,4709,3905,所有者
4710,4710,3906,所有者
4711,4711,3906,用户
4712,4712,3907,所有者
4713,4713,3908,所有者
4714,4714,3908,用户
4715,4715,3909,所有者
4716,4716,3910,所有者
4717,4717,3911,所有者
4718,4718,3912,所有者
4719,4719,3913,所有者
4720,4720,3914,所有者
4721,4721,3915,所有者
4722,4722,3916,所有者
4723,4723,3917,所有者
4724,4724,3918,所有者
4725,4725,3919,所有者
4726,4726,3919,用户
4727,4727,3920,所有者
4728,4728,3920,用户
4729,4729,3921,所有者
4730,4730,3922,所有者
4731,4731,3923,所有者
4732,4732,3924,所有者
4733,4733,3925,所有者
4734,4734,3926,所有者
4735,4735,3926,用户
4736,4736,3927,所有者
4737,4737,3928,所有者
4739,4739,3930,所有者
4740,4740,3931,所有者
4741,4741,3932,所有者
4742,4742,3933,所有者
4743,4743,3933,用户
4744,4744,3934,所有者
4745,4745,3935,所有者
4746,4746,3936,所有者
4747,4747,3937,所有者
4748,4748,3937,用户
4749,4749,3938,所有者
4750,4750,3939,所有者
4751,4751,3940,所有者
4752,4752,3941,所有者
4753,4753,3941,用户
4754,4754,3942,所有者
4755,4755,3943,所有者
4756,4756,3944,所有者
4757,4757,3944,用户
4758,4758,3945,所有者
4759,4759,3945,用户
4760,4760,3946,所有者
4761,4761,3946,用户
4762,4762,3947,所有者
4763,4763,3948,所有者
4764,4764,3949,所有者
4765,4765,3950,所有者
4766,4766,3951,所有者
4767,4767,3952,所有者
4768,4768,3953,所有者
4769,4769,3954,所有者
4770,4770,3954,用户
4771,4771,3955,所有者
4772,4772,3956,所有者
4773,4773,3957,所有者
4774,4774,3958,所有者
4775,4775,3958,用户
4776,4776,3959,所有者
4777,4777,3960,所有者
4778,4778,3960,用户
4779,4779,3961,所有者
4780,4780,3962,所有者
4781,4781,3963,所有者
4782,4782,3964,所有者
4783,4783,3965,所有者
4784,4784,3966,所有者
4785,4785,3966,用户
4786,4786,3967,所有者
4787,4787,3968,所有者
4788,4788,3969,所有者
4789,4789,3970,所有者
4790,4790,3971,所有者
4791,4791,3972,所有者
4792,4792,3973,所有者
4793,4793,3974,所有者
4794,4794,3975,所有者
4795,4795,3976,所有者
4796,4796,3977,所有者
4797,4797,3978,所有者
4798,4798,3979,所有者
4799,4799,3980,所有者
4800,4800,3980,用户
4801,4801,3981,所有者
4802,4802,3982,所有者
4803,4803,3983,所有者
4804,4804,3984,所有者
4805,4805,3985,所有者
4806,4806,3986,所有者
4807,4807,3987,所有者
4808,4808,3988,所有者
4809,4809,3989,所有者
4810,4810,3989,用户
4811,4811,3990,所有者
4812,4812,3991,所有者
4813,4813,3992,所有者
4814,4814,3993,所有者
4815,4815,3994,所有者
4816,4816,3994,用户
4817,4817,3995,所有者
4818,4818,3996,所有者
4819,4819,3997,所有者
4820,4820,3998,所有者
4821,4821,3999,所有者
4822,4822,3999,用户
4823,4823,4000,所有者
4824,4824,4001,所有者
4826,4826,4003,所有者
4831,4831,4008,所有者
4832,4832,4009,所有者
4833,4833,4010,所有者
4836,4836,4013,所有者
4837,4837,4014,所有者
4853,4853,4026,所有者
4861,4861,4033,所有者
4862,4862,4034,所有者
4863,4863,4035,所有者
4877,4877,4047,所有者
4882,4882,4052,所有者
4886,4886,4055,所有者
4892,4892,4059,所有者
4901,4901,4066,所有者
4904,4904,4069,所有者
4906,4906,4071,所有者
4907,4907,4071,用户
4915,4915,4078,所有者
4916,4916,4079,所有者
4918,4918,4081,所有者
4919,4919,4082,所有者
4923,4923,4086,所有者
4925,4925,4088,所有者
4927,4927,4090,所有者
4928,4928,4091,所有者
4929,4929,4092,所有者
4930,4930,4093,所有者
4937,4937,4099,所有者
4941,4941,4102,所有者
4942,4942,4103,所有者
4944,4944,4105,所有者
4949,4949,4109,所有者
4956,4956,4116,所有者
4959,4959,4119,所有者
4961,4961,4121,所有者
4968,4968,4127,所有者
4969,4969,4128,所有者
4972,4972,4130,所有者
4974,4974,4131,所有者
4975,4975,4131,用户
4976,4976,4132,所有者
4979,4979,4134,所有者
4989,4989,4140,所有者
4992,4992,4143,所有者
4993,4993,4144,所有者
4994,4994,4144,用户
5002,5002,4150,所有者
5010,5010,4156,所有者
5012,5012,4158,所有者
5013,5013,4159,所有者
5016,5016,4161,所有者
5028,5028,4171,所有者
5030,5030,4173,所有者
5046,5046,4186,所有者
5050,5050,4190,所有者
5056,5056,4195,所有者
5067,5067,4204,所有者
5072,5072,4208,所有者
5081,5081,4214,所有者
5093,5093,4225,所有者
5107,5107,4237,所有者
5108,5108,4237,用户
5111,5111,4240,所有者
5117,5117,4245,所有者
5126,5126,4253,所有者
5127,5127,4254,所有者
5128,5128,4255,所有者
5132,5132,4258,所有者
5133,5133,4259,所有者
5134,5134,4260,所有者
5137,5137,4263,所有者
5138,5138,4264,所有者
5141,5141,4266,所有者
5143,5143,4268,所有者
5144,5144,4268,用户
5145,5145,4269,所有者
5149,5149,4273,所有者
5152,5152,4276,所有者
5159,5159,4283,所有者
5163,5163,4286,所有者
5164,5164,4287,所有者
5171,5171,4293,所有者
5175,5175,4296,所有者
5180,5180,4301,所有者
5189,5189,4309,所有者
5200,5200,4318,所有者
5201,5201,4318,用户
5203,5203,4320,所有者
5204,5204,4321,所有者
5212,5212,4328,所有者
5213,5213,4329,所有者
5214,5214,4330,所有者
5215,5215,4330,用户
5217,5217,4332,所有者
5223,5223,4336,所有者
5224,5224,4337,所有者
5232,5232,4342,所有者
5233,5233,4343,所有者
5236,5236,4346,所有者
5237,5237,4347,所有者
5240,5240,4349,所有者
5241,5241,4350,所有者
5243,5243,4352,所有者
5245,5245,4354,所有者
5246,5246,4355,所有者
5247,5247,4356,所有者
5249,5249,4358,所有者
5253,5253,4361,所有者
5254,5254,4361,用户
5263,5263,4368,所有者
5273,5273,4375,所有者
5275,5275,4377,所有者
5277,5277,4379,所有者
5281,5281,4383,所有者
5283,5283,4385,所有者
5284,5284,4386,所有者
5287,5287,4389,所有者
5308,5308,4405,所有者
5312,5312,4408,所有者
5313,5313,4408,用户
5318,5318,4413,所有者
5319,5319,4413,用户
5320,5320,4414,所有者
5321,5321,4414,用户
5322,5322,4415,所有者
5323,5323,4416,所有者
5325,5325,4418,所有者
5326,5326,4418,用户
5333,5333,4423,所有者
5334,5334,4424,所有者
5337,5337,4427,所有者
5338,5338,4427,用户
5347,5347,4434,所有者
5352,5352,4437,所有者
5353,5353,4438,所有者
5354,5354,4439,所有者
5358,5358,4442,所有者
5362,5362,4445,所有者
5364,5364,4447,所有者
5365,5365,4447,用户
5366,5366,4448,所有者
5367,5367,4448,用户
5374,5374,4454,所有者
5376,5376,4456,所有者
5379,5379,4458,所有者
5384,5384,4462,所有者
5385,5385,4463,所有者
5389,5389,4467,所有者
5392,5392,4470,所有者
5393,5393,4471,所有者
5395,5395,4473,所有者
5397,5397,4475,所有者
5398,5398,4475,用户
5399,5399,4476,所有者
5402,5402,4478,所有者
5404,5404,4480,所有者
5409,5409,4484,所有者
5413,5413,4488,所有者
5420,5420,4493,所有者
5433,5433,4503,所有者
5441,5441,4511,所有者
5445,5445,4514,所有者
5450,5450,4519,所有者
5460,5460,4526,所有者
5461,5461,4527,所有者
5462,5462,4527,用户
5468,5468,4533,所有者
5469,5469,4534,所有者
5472,5472,4537,所有者
5473,5473,4538,所有者
5478,5478,4543,所有者
5487,5487,4550,所有者
5517,5517,4576,所有者
5521,5521,4580,所有者
5526,5526,4585,所有者
5527,5527,4585,用户
5530,5530,4588,所有者
5531,5531,4589,所有者
5539,5539,4596,所有者
5563,5563,4616,所有者
5565,5565,4618,所有者
5574,5574,4626,所有者
5579,5579,4631,所有者
5580,5580,4631,用户
5606,5606,4650,所有者
5617,5617,4659,所有者
5618,5618,4660,所有者
5642,5642,4681,所有者
5684,5684,4715,所有者
5699,5699,4725,所有者
5701,5701,4727,所有者
5704,5704,4729,所有者
5722,5722,4743,所有者
5727,5727,4746,所有者
5736,5736,4753,所有者
5753,5753,4768,所有者
5760,5760,4774,所有者
5761,5761,4774,用户
5774,5774,4784,所有者
5775,5775,4784,用户
5788,5788,4794,所有者
5801,5801,4803,所有者
5826,5826,4825,所有者
5827,5827,4825,用户
5858,5858,4851,所有者
5859,5859,4851,用户
5860,5860,4852,所有者
5866,5866,4858,所有者
5873,5873,4863,所有者
5911,5911,4894,所有者
5928,5928,4907,所有者
5965,5965,4937,所有者
5977,5977,4948,所有者
5978,5978,4949,所有者
6001,6001,4969,所有者
6015,6015,4981,所有者
6033,6033,4994,所有者
6034,6034,4995,所有者
6039,6039,4999,所有者
6040,6040,4999,用户
6042,6042,5001,所有者
6052,6052,5011,所有者
6067,6067,5024,所有者
6077,6077,5033,所有者
6112,6112,5063,所有者
6114,6114,5065,所有者
6115,6115,5066,所有者
6122,6122,5072,所有者
6144,6144,5092,所有者
6175,6175,5118,所有者
6178,6178,5120,所有者
6183,6183,5125,所有者
6185,6185,5126,所有者
6186,6186,5126,用户
6191,6191,5129,所有者
6196,6196,5133,所有者
6235,6235,5164,所有者
6255,6255,5180,所有者
6256,6256,5180,用户
6257,6257,5181,所有者
6272,6272,5194,所有者
6275,6275,5196,所有者
6299,6299,5213,所有者
6301,6301,5215,所有者
6317,6317,5228,所有者
6318,6318,5228,用户
6342,6342,5250,所有者
6349,6349,5256,所有者
6359,6359,5263,所有者
6363,6363,5267,所有者
6366,6366,5269,所有者
6367,6367,5270,所有者
6383,6383,5283,所有者
6391,6391,5290,所有者
6408,6408,5305,所有者
6417,6417,5313,所有者
6422,6422,5317,所有者
6452,6452,5343,所有者
6468,6468,5357,所有者
6469,6469,5358,所有者
6473,6473,5362,所有者
6474,6474,5362,用户
6478,6478,5366,所有者
6481,6481,5369,所有者
6485,6485,5372,所有者
6499,6499,5385,所有者
6501,6501,5387,所有者
6511,6511,5395,所有者
6544,6544,5422,所有者
6545,6545,5422,用户
6546,6546,5423,所有者
6551,6551,5428,所有者
6552,6552,5429,所有者
6567,6567,5442,所有者
6571,6571,5445,所有者
6604,6604,5472,所有者
6610,6610,5477,所有者
6616,6616,5481,所有者
6619,6619,5483,所有者
6644,6644,5505,所有者
6691,6691,5541,所有者
6698,6698,5546,所有者
6729,6729,5572,所有者
6731,6731,5574,所有者
6749,6749,5591,所有者
6750,6750,5591,用户
6753,6753,5593,所有者
6764,6764,5602,所有者
6789,6789,5622,所有者
6798,6798,5628,所有者
6803,6803,5632,所有者
6804,6804,5632,用户
6827,6827,5648,所有者
6829,6829,5650,所有者
6844,6844,5661,所有者
6886,6886,5692,所有者
6892,6892,5698,所有者
6893,6893,5698,用户
6895,6895,5700,所有者
6906,6906,5708,所有者
6922,6922,5724,所有者
6924,6924,5726,所有者
6936,6936,5735,所有者
6944,6944,5740,所有者
6946,6946,5742,所有者
6967,6967,5758,所有者
6978,6978,5767,所有者
6987,6987,5774,所有者
7010,7010,5794,所有者
7011,7011,5794,用户
7043,7043,5817,所有者
7065,7065,5837,所有者
7100,7100,5868,所有者
7102,7102,5870,所有者
7112,7112,5878,所有者
7127,7127,5891,所有者
7150,7150,5912,所有者
7166,7166,5927,所有者
7186,7186,5944,所有者
7195,7195,5952,所有者
7234,7234,5984,所有者
7241,7241,5991,所有者
7286,7286,6030,所有者
7291,7291,6034,所有者
7299,7299,6040,所有者
7311,7311,6051,所有者
7324,7324,6061,所有者
7325,7325,6062,所有者
7327,7327,6064,所有者
7339,7339,6075,所有者
7348,7348,6083,所有者
7366,7366,6097,所有者
7390,7390,6118,所有者
7411,7411,6138,所有者
7412,7412,6138,用户
7422,7422,6148,所有者
7423,7423,6148,用户
7434,7434,6157,所有者
7435,7435,6158,所有者
7521,7521,6226,所有者
7567,7567,6265,所有者
7576,7576,6273,所有者
7586,7586,6281,所有者
7594,7594,6289,所有者
7614,7614,6306,所有者
7632,7632,6321,所有者
7672,7672,6353,所有者
7678,7678,6358,所有者
7683,7683,6363,所有者
7723,7723,6397,所有者
7724,7724,6397,用户
7727,7727,6400,所有者
7753,7753,6425,所有者
7765,7765,6434,所有者
7772,7772,6440,所有者
7787,7787,6453,所有者
7796,7796,6461,所有者
7797,7797,6461,用户
7800,7800,6463,所有者
7814,7814,6472,所有者
7815,7815,6473,所有者
7843,7843,6495,所有者
7855,7855,6505,所有者
7862,7862,6510,所有者
7863,7863,6511,所有者
7864,7864,6512,所有者
7914,7914,6555,所有者
7959,7959,6592,所有者
7970,7970,6602,所有者
7980,7980,6609,所有者
8013,8013,6636,所有者
8030,8030,6649,所有者
8064,8064,6678,所有者
8074,8074,6686,所有者
8076,8076,6688,所有者
8089,8089,6699,所有者
8091,8091,6701,所有者
8096,8096,6706,所有者
8105,8105,6715,所有者
8130,8130,6738,所有者
8200,8200,6792,所有者
8217,8217,6806,所有者
8276,8276,6856,所有者
8287,8287,6866,所有者
8295,8295,6872,所有者
8327,8327,6897,所有者
8333,8333,6902,所有者
8342,8342,6910,所有者
8356,8356,6922,所有者
8359,8359,6924,所有者
8362,8362,6927,所有者
8366,8366,6930,所有者
8392,8392,6950,所有者
8393,8393,6950,用户
8432,8432,6985,所有者
8433,8433,6985,用户
8463,8463,7011,所有者
8489,8489,7033,所有者
8502,8502,7045,所有者
8506,8506,7049,所有者
8510,8510,7052,所有者
8548,8548,7082,所有者
8568,8568,7099,所有者
8571,8571,7101,所有者
8598,8598,7123,所有者
8610,8610,7133,所有者
8611,8611,7133,用户
8615,8615,7136,所有者
8636,8636,7156,所有者
8661,8661,7176,所有者
8666,8666,7180,所有者
8667,8667,7181,所有者
8670,8670,7184,所有者
8677,8677,7190,所有者
8678,8678,7190,用户
8692,8692,7203,所有者
8726,8726,7231,所有者
8737,8737,7240,所有者
8738,8738,7240,用户
8764,8764,7262,所有者
8777,8777,7274,所有者
8865,9173,7401,所有者
8866,9174,7401,用户
8888,9196,7418,所有者
8894,9202,7424,所有者
8909,9217,7437,所有者
8918,9226,7445,所有者
8923,9231,7449,所有者
8928,9236,7454,所有者
8942,9250,7465,所有者
8965,9273,7485,所有者
8966,9274,7485,用户
8968,9276,7487,所有者
9005,9313,7520,所有者
9008,9316,7523,所有者
9032,9340,7542,所有者
9038,9346,7546,所有者
9054,9362,7559,所有者
9058,9366,7562,所有者
9062,9370,7565,所有者
9095,9403,7594,所有者
9109,9417,7606,所有者
9110,9418,7607,所有者
9111,9419,7607,用户
9119,9427,7614,所有者
9120,9428,7614,用户
9125,9433,7618,所有者
9142,9450,7632,所有者
9143,9451,7632,用户
9148,9456,7636,所有者
9149,9457,7637,所有者
9150,9458,7637,用户
9197,9505,7674,所有者
9238,9546,7713,所有者
9247,9555,7721,所有者
9261,9569,7733,所有者
9274,9582,7745,所有者
9285,9593,7753,所有者
9298,9606,7765,所有者
9303,9611,7769,所有者
9308,9616,7774,所有者
9333,9641,7795,所有者
9334,9642,7795,用户
9355,9663,7815,所有者
9356,9664,7815,用户
9362,9670,7819,所有者
9367,9675,7824,所有者
9372,9680,7828,所有者
9394,9702,7844,所有者
9407,9715,7857,所有者
9409,9717,7859,所有者
9410,9718,7859,用户
9413,9721,7861,所有者
9447,9755,7890,所有者
9452,9760,7894,所有者
9467,9775,7907,所有者
9468,9776,7907,用户
9490,9798,7926,所有者
9512,9820,7944,所有者
9525,9833,7957,所有者
9526,9834,7957,用户
9536,9844,7965,所有者
9537,9845,7965,用户
9538,9846,7966,所有者
9564,9872,7990,所有者
9572,9880,7997,所有者
9606,9914,8026,所有者
9607,9915,8027,所有者
9621,9929,8038,所有者
9622,9930,8039,所有者
9625,9933,8041,所有者
9637,9945,8051,所有者
9638,9946,8051,用户
9665,9973,8073,所有者
9679,9987,8085,所有者
9687,9995,8092,所有者
9689,9997,8094,所有者
9715,10023,8114,所有者
9732,10040,8127,所有者
9733,10041,8127,用户
9735,10043,8129,所有者
9738,10046,8132,所有者
9758,10066,8149,所有者
9762,10070,8153,所有者
9767,10075,8158,所有者
9768,10076,8159,所有者
9769,10077,8159,用户
9782,10090,8169,所有者
9787,10095,8173,所有者
9788,10096,8173,用户
9837,10145,8212,所有者
9851,10159,8225,所有者
9890,10198,8260,所有者
9891,10199,8260,用户
9892,10200,8261,所有者
9893,10201,8261,用户
9901,10209,8268,所有者
9961,10269,8316,所有者
9965,10273,8320,所有者
9966,10274,8320,用户
9967,10275,8321,所有者
9968,10276,8321,用户
9974,10282,8327,所有者
9979,10287,8330,所有者
9980,10288,8330,用户
9995,10303,8341,所有者
10042,10350,8377,所有者
10043,10351,8377,用户
10047,10355,8381,所有者
10074,10382,8405,所有者
10081,10389,8411,所有者
10151,10459,8475,所有者
10167,10475,8489,所有者
10168,10476,8489,用户
10171,10479,8492,所有者
10184,10492,8505,所有者
10202,10510,8519,所有者
10203,10511,8519,用户
10209,10517,8523,所有者
10220,10528,8533,所有者
10235,10543,8547,所有者
10247,10555,8558,所有者
10255,10563,8564,所有者
10256,10564,8564,用户
10258,10566,8566,所有者
10328,10636,8625,所有者
10331,10639,8628,所有者
10346,10654,8639,所有者
10354,10662,8645,所有者
10394,10702,8680,所有者
10395,10703,8680,用户
10406,10714,8688,所有者
10438,10746,8713,所有者
10469,10777,8742,所有者
10470,10778,8742,用户
10490,10798,8759,所有者
10505,10813,8772,所有者
10510,10818,8776,所有者
10520,10828,8784,所有者
10604,10912,8856,所有者
10652,10960,8896,所有者
10655,10963,8899,所有者
10679,10987,8919,所有者
10680,10988,8919,用户
10689,10997,8926,所有者
10690,10998,8926,用户
10696,11004,8931,所有者
10700,11008,8934,所有者
10726,11034,8957,所有者
10742,11050,8972,所有者
10755,11063,8982,所有者
10756,11064,8982,用户
10775,11083,8998,所有者
10785,11093,9006,所有者
10797,11105,9017,所有者
10806,11114,9024,所有者
10813,11121,9030,所有者
10814,11122,9030,用户
10815,11123,9031,所有者
10818,11126,9034,所有者
10822,11130,9037,所有者
10823,11131,9037,用户
10828,11136,9041,所有者
10839,11147,9051,所有者
10841,11149,9052,所有者
10887,11195,9093,所有者
10900,11208,9104,所有者
10942,11250,9138,所有者
10944,11252,9140,所有者
10958,11266,9153,所有者
10959,11267,9153,用户
10963,11271,9156,所有者
10966,11274,9159,所有者
10967,11275,9159,用户
10978,11286,9167,所有者
10996,11304,9179,所有者
11006,11314,9188,所有者
11011,11319,9192,所有者
11019,11327,9199,所有者
11021,11329,9201,所有者
11023,11331,9203,所有者
11029,11337,9208,所有者
11051,11359,9225,所有者
11052,11360,9225,用户
11054,11362,9227,所有者
11063,11371,9235,所有者
11064,11372,9236,所有者
11071,11379,9241,所有者
11072,11380,9241,用户
11073,11381,9242,所有者
11097,11405,9263,所有者
11098,11406,9263,用户
11101,11409,9265,所有者
11153,11461,9307,所有者
11183,11491,9333,所有者
11189,11497,9337,所有者
11208,11516,9353,所有者
11209,11517,9353,用户
11237,11545,9377,所有者
11266,11574,9403,所有者
11288,11596,9422,所有者
11290,11598,9424,所有者
11301,11609,9433,所有者
11329,11637,9455,所有者
11330,11638,9455,用户
11354,11662,9472,所有者
11368,11676,9484,所有者
11375,11683,9491,所有者
11377,11685,9493,所有者
11378,11686,9494,所有者
11379,11687,9494,用户
11393,11701,9504,所有者
11401,11709,9510,所有者
11402,11710,9510,用户
11405,11713,9513,所有者
11406,11714,9513,用户
11424,11732,9528,所有者
11446,11754,9548,所有者
11447,11755,9549,所有者
11460,11768,9560,所有者
11486,11794,9583,所有者
11487,11795,9583,用户
11496,11804,9591,所有者
11543,11851,9627,所有者
11547,11855,9631,所有者
11549,11857,9633,所有者
11552,11860,9635,所有者
11558,11866,9640,所有者
11559,11867,9640,用户
11565,11873,9645,所有者
11566,11874,9646,所有者
11567,11875,9646,用户
11578,11886,9656,所有者
11598,11906,9673,所有者
11599,11907,9673,用户
11603,11911,9677,所有者
11635,11943,9703,所有者
11639,11947,9707,所有者
11668,11976,9730,所有者
11669,11977,9730,用户
11670,11978,9731,所有者
11671,11979,9731,用户
11695,12003,9750,所有者
11742,12050,9790,所有者
11743,12051,9790,用户
11771,12079,9814,所有者
11784,12092,9826,所有者
11787,12095,9828,所有者
11794,12102,9833,所有者
11825,12133,9859,所有者
11836,12144,9869,所有者
11837,12145,9869,用户
11855,12163,9883,所有者
11873,12181,9897,所有者
11912,12220,9928,所有者
11913,12221,9928,用户
11995,12303,10001,所有者
12000,12308,10005,所有者
12016,12324,10018,所有者
12017,12325,10019,所有者
12020,12328,10022,所有者
12036,12344,10036,所有者
12050,12358,10049,所有者
12051,12359,10049,用户
12068,12376,10063,所有者
12070,12378,10065,所有者
12074,12382,10068,所有者
12075,12383,10068,用户
12088,12396,10079,所有者
12089,12397,10079,用户
12108,12416,10093,所有者
12109,12417,10093,用户
12124,12432,10105,所有者
12156,12464,10131,所有者
12160,12468,10134,所有者
12177,12485,10148,所有者
12182,12490,10152,所有者
12239,12547,10202,所有者
12253,12561,10215,所有者
12260,12568,10220,所有者
12269,12577,10227,所有者
12278,12586,10233,所有者
12291,12599,10243,所有者
12308,12616,10257,所有者
12317,12625,10266,所有者
12335,12643,10280,所有者
12354,12662,10297,所有者
12387,12695,10320,所有者
12418,12726,10343,所有者
12421,12729,10345,所有者
12422,12730,10345,用户
12430,12738,10351,所有者
12431,12739,10351,用户
12442,12750,10361,所有者
12446,12754,10364,所有者
12447,12755,10364,用户
12448,12756,10365,所有者
12494,12802,10404,所有者
12502,12810,10411,所有者
12532,12840,10436,所有者
12535,12843,10439,所有者
12536,12844,10440,所有者
12542,12850,10445,所有者
12543,12851,10445,用户
12551,12859,10451,所有者
12582,12890,10478,所有者
12600,12908,10493,所有者
12635,12943,10520,所有者
12678,12986,10558,所有者
12683,12991,10562,所有者
12736,13044,10607,所有者
12743,13051,10613,所有者
12763,13071,10630,所有者
12781,13089,10644,所有者
12782,13090,10645,所有者
12787,13095,10650,所有者
12790,13098,10652,所有者
12794,13102,10656,所有者
12805,13113,10663,所有者
12815,13123,10670,所有者
12826,13134,10679,所有者
12843,13151,10694,所有者
12863,13171,10710,所有者
12864,13172,10711,所有者
12882,13190,10728,所有者
12893,13201,10738,所有者
12923,13231,10762,所有者
12938,13246,10774,所有者
12952,13260,10788,所有者
12953,13261,10789,所有者
12954,13262,10789,用户
12968,13276,10799,所有者
12977,13285,10807,所有者
12982,13290,10812,所有者
12983,13291,10812,用户
13038,13346,10857,所有者
13072,13380,10884,所有者
13096,13404,10904,所有者
13097,13405,10905,所有者
13098,13406,10906,所有者
13104,13412,10911,所有者
13109,13417,10915,所有者
13139,13447,10940,所有者
13140,13448,10940,用户
13143,13451,10942,所有者
13160,13468,10954,所有者
13161,13469,10954,用户
13172,13480,10963,所有者
13182,13490,10973,所有者
13231,13539,11013,所有者
13240,13548,11021,所有者
13248,13556,11027,所有者
13268,13576,11042,所有者
13280,13588,11053,所有者
13282,13590,11054,所有者
13295,13603,11065,所有者
13300,13608,11069,所有者
13312,13620,11079,所有者
13332,13640,11096,所有者
13349,13657,11111,所有者
13350,13658,11111,用户
13365,13673,11123,所有者
13379,13687,11135,所有者
13382,13690,11138,所有者
13386,13694,11141,所有者
13442,13750,11186,所有者
13443,13751,11186,用户
13495,13803,11231,所有者
13512,13820,11244,所有者
13537,13845,11265,所有者
13544,13852,11271,所有者
13578,13886,11295,所有者
13604,13912,11317,所有者
13607,13915,11320,所有者
13613,13921,11325,所有者
13615,13923,11327,所有者
13616,13924,11328,所有者
13623,13931,11333,所有者
13647,13955,11349,所有者
13648,13956,11349,用户
13660,13968,11359,所有者
13663,13971,11362,所有者
13690,13998,11382,所有者
